target,channel_view,channel,pillow_price_bin,price_bin,checks_in_segment,confidence,segment_reliable,cross_sell_top_2,cross_sell_top_3,cross_sell_support_2,cross_sell_support_3,cross_sell_rate_2,cross_sell_rate_3,cross_sell_2_expected_value,cross_sell_3_expected_value,cross2_best_weekday,cross2_best_hour_bucket,cross2_best_month,cross2_best_opportunity_score,cross3_best_weekday,cross3_best_hour_bucket,cross3_best_month,cross3_best_opportunity_score,upsell_top_2,upsell_top_3,upsell_support_2,upsell_support_3,upsell_rate_2,upsell_rate_3,upsell_avg_sum_2,upsell_avg_sum_3,pillow_size,pillow_type,cross_sell_rate_2_ci_low,cross_sell_rate_2_ci_high,cross_sell_rate_3_ci_low,cross_sell_rate_3_ci_high,upsell_rate_2_ci_low,upsell_rate_2_ci_high,upsell_rate_3_ci_low,upsell_rate_3_ci_high
pillow,all,all,0-1k,0-1k,1897,high,1,Косметика/гигиена,Кухонный текстиль,139,133,0.0733,0.0701,31.64,28.4,,,2024-01,635.85,,,2024-01,13946.17,Постельное белье,Одеяло,68,55,0.0358,0.029,1525.56,1376.64,40x60,anatomic,0.0624,0.0859,0.0595,0.0825,0.0284,0.0452,0.0223,0.0375
pillow,all,all,0-1k,0-1k,5381,high,1,Детские товары,Одеяло,204,178,0.0379,0.0331,46.47,39.28,,,,,,,,,Другая мебель,Наматрасник/топпер,61,63,0.0113,0.0117,2210.29,1480.51,40x60,down,0.0331,0.0434,0.0286,0.0382,0.0088,0.0145,0.0092,0.015
pillow,all,all,0-1k,0-1k,5237,medium,1,Подарки/сувениры,Детские товары,74,57,0.0141,0.0109,4.39,5.41,Вторник,Вечер (18-23),2024-10,12904.93,,,,,Детские товары,Подарки/сувениры,57,74,0.0109,0.0141,496.81,310.45,40x60,memory,0.0113,0.0177,0.0084,0.0141,0.0084,0.0141,0.0113,0.0177
pillow,all,all,0-1k,0-1k,4673,high,1,Косметика/гигиена,Наволочка,127,120,0.0272,0.0257,16.43,18.98,,,,,,,,,Простыня,Наволочка,54,120,0.0116,0.0257,942.25,739.04,40x60,orthopedic,0.0229,0.0322,0.0215,0.0306,0.0089,0.015,0.0215,0.0306
pillow,all,all,0-1k,0-1k,6542,high,1,Наволочка,Косметика/гигиена,524,508,0.0801,0.0777,43.71,47.27,Четверг,Вечер (18-23),2024-03,6442.54,,,2024-02,14203.62,Матрас,Другая мебель,160,195,0.0245,0.0298,4366.02,1794.44,40x60,unknown,0.0738,0.0869,0.0714,0.0844,0.021,0.0285,0.026,0.0342
pillow,all,all,0-1k,0-1k,72176,high,1,Косметика/гигиена,Наволочка,4004,3750,0.0555,0.052,33.79,55.94,Среда,Ночь (00-05),2025-12,46941.16,Вторник,Ночь (00-05),2024-11,25427.74,Другая мебель,Постельное белье,1506,1831,0.0209,0.0254,2293.91,2051.29,50x70,anatomic,0.0538,0.0572,0.0504,0.0536,0.0198,0.0219,0.0242,0.0265
pillow,all,all,0-1k,0-1k,228210,high,1,Одеяло,Косметика/гигиена,12364,9233,0.0542,0.0405,68.1,25.51,Среда,Ночь (00-05),2024-01,108991.4,Пятница,Ночь (00-05),2025-11,85306.08,Другая мебель,Постельное белье,3857,5100,0.0169,0.0223,2325.3,1823.44,50x70,down,0.0533,0.0551,0.0397,0.0413,0.0164,0.0174,0.0217,0.023
pillow,all,all,0-1k,0-1k,3655,high,1,Наволочка,Детские товары,169,131,0.0462,0.0358,36.55,37.38,,,,,,,,,Постельное белье,Другая мебель,87,100,0.0238,0.0274,2146.27,1734.22,50x70,memory,0.0399,0.0535,0.0303,0.0424,0.0193,0.0293,0.0225,0.0332
pillow,all,all,0-1k,0-1k,20160,high,1,Наволочка,Детские товары,806,760,0.04,0.0377,32.1,39.99,Четверг,Ночь (00-05),2025-09,7951.13,Суббота,Ночь (00-05),2025-09,24699.11,Постельное белье,Другая мебель,581,505,0.0288,0.025,1983.79,1966.47,50x70,orthopedic,0.0374,0.0428,0.0352,0.0404,0.0266,0.0312,0.023,0.0273
pillow,all,all,0-1k,0-1k,58995,high,1,Одеяло,Косметика/гигиена,3047,1596,0.0516,0.0271,60.6,16.92,Пятница,Вечер (18-23),2024-01,29562.98,Пятница,Вечер (18-23),2024-02,9680.47,Другая мебель,Постельное белье,610,704,0.0103,0.0119,2542.36,1552.01,50x70,synthetic,0.0499,0.0535,0.0258,0.0284,0.0096,0.0112,0.0111,0.0128
pillow,all,all,0-1k,0-1k,813392,high,1,Наволочка,Косметика/гигиена,67113,53618,0.0825,0.0659,78.77,40.39,Суббота,Ночь (00-05),2025-09,328263.88,Суббота,Ночь (00-05),2025-09,577351.78,Другая мебель,Постельное белье,29855,41396,0.0367,0.0509,2746.73,1763.99,50x70,unknown,0.0819,0.0831,0.0654,0.0665,0.0363,0.0371,0.0504,0.0514
pillow,all,all,0-1k,0-1k,4772,high,1,Косметика/гигиена,Одеяло,139,81,0.0291,0.017,20.33,24.55,,,,,,,,,Одеяло,Детские товары,81,80,0.017,0.0168,1446.58,933.35,60x60,down,0.0247,0.0343,0.0137,0.021,0.0137,0.021,0.0135,0.0208
pillow,all,all,0-1k,0-1k,348,low,1,Матрас,Наволочка,5,4,0.0144,0.0115,38.66,13.83,,,,,,,,,Освещение,Одеяло,2,2,0.0057,0.0057,3347.0,2757.0,60x60,synthetic,0.0062,0.0332,0.0045,0.0292,0.0016,0.0207,0.0016,0.0207
pillow,all,all,0-1k,0-1k,395,medium,1,Детские товары,Косметика/гигиена,47,35,0.119,0.0886,130.85,57.03,,,,,,,,,Косметика/гигиена,Наволочка,35,49,0.0886,0.1241,643.67,640.43,60x60,unknown,0.0907,0.1546,0.0644,0.1207,0.0644,0.1207,0.0951,0.1602
pillow,all,all,0-1k,0-1k,14393,high,1,Косметика/гигиена,Наволочка,853,664,0.0593,0.0461,32.49,44.05,Суббота,Ночь (00-05),2025-11,11447.96,Среда,Вечер (18-23),2025-11,14181.89,Другая мебель,Постельное белье,382,631,0.0265,0.0438,2011.71,1688.06,70x70,anatomic,0.0555,0.0632,0.0428,0.0497,0.024,0.0293,0.0406,0.0473
pillow,all,all,0-1k,0-1k,161011,high,1,Наволочка,Косметика/гигиена,7240,5859,0.045,0.0364,47.93,20.46,Вторник,Вечер (18-23),2024-01,46316.76,Вторник,Ночь (00-05),2025-10,60555.92,Другая мебель,Постельное белье,2496,5234,0.0155,0.0325,2046.01,1610.48,70x70,down,0.044,0.046,0.0355,0.0373,0.0149,0.0161,0.0317,0.0334
pillow,all,all,0-1k,0-1k,2135,high,1,Постельное белье,Одеяло,108,108,0.0506,0.0506,80.77,54.85,,,,,,,,,Другая мебель,Постельное белье,70,108,0.0328,0.0506,2197.4,1596.7,70x70,memory,0.0421,0.0607,0.0421,0.0607,0.026,0.0412,0.0421,0.0607
pillow,all,all,0-1k,0-1k,1608,high,1,Одеяло,Постельное белье,131,115,0.0815,0.0715,94.4,128.85,,,,,,,,,Другая мебель,Постельное белье,59,115,0.0367,0.0715,2272.41,1801.63,70x70,orthopedic,0.0691,0.0959,0.0599,0.0852,0.0286,0.047,0.0599,0.0852
pillow,all,all,0-1k,0-1k,27801,high,1,Наволочка,Косметика/гигиена,1383,662,0.0497,0.0238,55.1,12.48,Вторник,День (12-17),2024-05,24823.21,Среда,Вечер (18-23),2024-01,4129.79,Наволочка,Одеяло,1383,1405,0.0497,0.0505,1107.53,1077.81,70x70,synthetic,0.0473,0.0524,0.0221,0.0257,0.0473,0.0524,0.048,0.0532
pillow,all,all,0-1k,0-1k,421154,high,1,Постельное белье,Наволочка,30588,27998,0.0726,0.0665,110.44,62.3,Четверг,Ночь (00-05),2025-09,682821.66,Четверг,Вечер (18-23),2025-09,115931.72,Другая мебель,Постельное белье,14438,30588,0.0343,0.0726,2055.88,1520.61,70x70,unknown,0.0718,0.0734,0.0657,0.0672,0.0337,0.0348,0.0718,0.0734
pillow,all,all,0-1k,0-1k,62914,high,1,Наволочка,Детские товары,1294,1288,0.0206,0.0205,19.96,23.9,Четверг,Вечер (18-23),2024-07,15893.35,Понедельник,Ночь (00-05),2024-05,35450.61,Детские товары,Наволочка,1288,1294,0.0205,0.0206,1167.27,970.63,unknown,anatomic,0.0195,0.0217,0.0194,0.0216,0.0194,0.0216,0.0195,0.0217
pillow,all,all,0-1k,0-1k,58016,high,1,Косметика/гигиена,Одеяло,1924,1837,0.0332,0.0317,18.56,35.18,Среда,Вечер (18-23),2024-01,13277.69,Воскресенье,Вечер (18-23),2024-05,28122.41,Постельное белье,Одеяло,598,1837,0.0103,0.0317,1623.2,1110.98,unknown,down,0.0317,0.0347,0.0303,0.0331,0.0095,0.0112,0.0303,0.0331
pillow,all,all,0-1k,0-1k,156246,high,1,Детские товары,Кухонный текстиль,3547,3274,0.0227,0.021,18.27,7.05,Четверг,Ночь (00-05),2025-12,55788.38,Суббота,Ночь (00-05),2025-06,9378.39,Сумки/багаж,Одежда для дома,2103,2000,0.0135,0.0128,980.22,838.15,unknown,memory,0.022,0.0235,0.0203,0.0217,0.0129,0.014,0.0123,0.0134
pillow,all,all,0-1k,0-1k,280504,high,1,Детские товары,Другая мебель,5784,3869,0.0206,0.0138,20.86,29.81,Пятница,Ночь (00-05),2025-08,147657.98,Суббота,Ночь (00-05),2025-05,127573.32,Детские товары,Наволочка,5784,3122,0.0206,0.0111,1011.59,861.23,unknown,orthopedic,0.0201,0.0212,0.0134,0.0142,0.0201,0.0212,0.0107,0.0115
pillow,all,all,0-1k,0-1k,867,medium,1,Одеяло,Наволочка,38,38,0.0438,0.0438,43.94,37.22,,,,,,,,,Детские товары,Наволочка,41,38,0.0473,0.0438,937.47,849.21,unknown,synthetic,0.0321,0.0596,0.0321,0.0596,0.035,0.0635,0.0321,0.0596
pillow,all,all,0-1k,0-1k,80775,high,1,Детские товары,Наволочка,7101,3308,0.0879,0.041,99.71,38.13,Пятница,Ночь (00-05),2025-08,152956.94,Пятница,Ночь (00-05),2024-02,36472.86,Другая мебель,Постельное белье,2678,1792,0.0332,0.0222,1851.36,1844.52,unknown,unknown,0.086,0.0899,0.0396,0.0423,0.0319,0.0344,0.0212,0.0232
pillow,all,all,1-2k,1-2k,412,low,1,Наволочка,Детские товары,29,29,0.0704,0.0704,53.8,152.01,,,,,,,,,Постельное белье,Одеяло,24,20,0.0583,0.0485,2113.94,1646.41,40x60,anatomic,0.0495,0.0993,0.0495,0.0993,0.0395,0.0852,0.0316,0.0738
pillow,all,all,1-2k,1-2k,2391,medium,1,Детские товары,Одеяло,88,78,0.0368,0.0326,41.97,82.28,,,,,,,,,Постельное белье,Простыня,40,36,0.0167,0.0151,1942.86,1613.38,40x60,down,0.03,0.0451,0.0262,0.0405,0.0123,0.0227,0.0109,0.0208
pillow,all,all,1-2k,1-2k,49603,high,1,Наволочка,Детские товары,764,659,0.0154,0.0133,19.8,17.31,Среда,Вечер (18-23),2024-02,25191.05,Четверг,Вечер (18-23),2024-02,8427.65,Детские товары,Наволочка,659,764,0.0133,0.0154,1302.55,1285.26,40x60,memory,0.0144,0.0165,0.0123,0.0143,0.0123,0.0143,0.0144,0.0165
pillow,all,all,1-2k,1-2k,21325,high,1,Детские товары,Наволочка,726,497,0.034,0.0233,44.34,24.6,Четверг,Ночь (00-05),2025-08,46225.21,,,2024-11,6555.94,Другая мебель,Постельное белье,290,253,0.0136,0.0119,2119.6,2114.47,40x60,orthopedic,0.0317,0.0366,0.0214,0.0254,0.0121,0.0152,0.0105,0.0134
pillow,all,all,1-2k,1-2k,3080,high,1,Косметика/гигиена,Наволочка,146,112,0.0474,0.0364,35.09,32.47,,,,,,,,,Другая мебель,Постельное белье,76,63,0.0247,0.0205,2811.36,2117.59,40x60,unknown,0.0404,0.0555,0.0303,0.0436,0.0198,0.0308,0.016,0.0261
pillow,all,all,1-2k,1-2k,118416,high,1,Наволочка,Косметика/гигиена,7858,6673,0.0664,0.0564,98.16,43.5,Суббота,Вечер (18-23),2024-04,55300.19,Пятница,Ночь (00-05),2025-08,82767.86,Другая мебель,Постельное белье,3056,3999,0.0258,0.0338,3013.88,2706.59,50x70,anatomic,0.065,0.0678,0.0551,0.0577,0.0249,0.0267,0.0328,0.0348
pillow,all,all,1-2k,1-2k,273922,high,1,Одеяло,Косметика/гигиена,14973,9390,0.0547,0.0343,111.97,26.01,Воскресенье,Ночь (00-05),2024-01,131429.2,Понедельник,Ночь (00-05),2024-03,91187.56,Постельное белье,Одеяло,4688,14973,0.0171,0.0547,2556.61,2048.4,50x70,down,0.0538,0.0555,0.0336,0.035,0.0166,0.0176,0.0538,0.0555
pillow,all,all,1-2k,1-2k,41394,high,1,Косметика/гигиена,Одеяло,1342,1065,0.0324,0.0257,25.22,53.65,Среда,Вечер (18-23),2025-10,10220.85,Понедельник,Вечер (18-23),2024-10,14546.33,Наматрасник/топпер,Одеяло,429,1065,0.0104,0.0257,2368.56,2085.36,50x70,memory,0.0308,0.0342,0.0242,0.0273,0.0094,0.0114,0.0242,0.0273
pillow,all,all,1-2k,1-2k,43665,high,1,Детские товары,Наволочка,2067,1687,0.0473,0.0386,59.65,42.75,Четверг,Ночь (00-05),2025-08,28851.88,Понедельник,Вечер (18-23),2025-08,21964.93,Постельное белье,Другая мебель,1098,963,0.0251,0.0221,2285.66,2279.77,50x70,orthopedic,0.0454,0.0494,0.0369,0.0405,0.0237,0.0267,0.0207,0.0235
pillow,all,all,1-2k,1-2k,27648,high,1,Наволочка,Косметика/гигиена,1847,891,0.0668,0.0322,99.09,25.28,Воскресенье,Вечер (18-23),2024-02,23115.31,Воскресенье,Утро (06-11),2024-03,7446.73,Другая мебель,Постельное белье,463,668,0.0167,0.0242,2639.16,2356.06,50x70,synthetic,0.0639,0.0698,0.0302,0.0344,0.0153,0.0183,0.0224,0.026
pillow,all,all,1-2k,1-2k,417985,high,1,Наволочка,Косметика/гигиена,29931,22964,0.0716,0.0549,101.03,40.91,Суббота,Ночь (00-05),2025-05,223783.31,Суббота,Ночь (00-05),2025-08,310894.57,Другая мебель,Постельное белье,13508,16955,0.0323,0.0406,4394.97,2538.4,50x70,unknown,0.0708,0.0724,0.0543,0.0556,0.0318,0.0329,0.04,0.0412
pillow,all,all,1-2k,1-2k,4585,high,1,Одеяло,Косметика/гигиена,118,103,0.0257,0.0225,42.88,14.88,,,,,,,,,Одеяло,Детские товары,118,53,0.0257,0.0116,1666.15,1211.28,60x60,down,0.0215,0.0307,0.0186,0.0272,0.0215,0.0307,0.0088,0.0151
pillow,all,all,1-2k,1-2k,440,medium,1,Косметика/гигиена,Детские товары,44,30,0.1,0.0682,53.51,81.02,,,,,,,,,Наволочка,Косметика/гигиена,57,44,0.1295,0.1,942.09,535.06,60x60,unknown,0.0753,0.1316,0.0482,0.0957,0.1013,0.1642,0.0753,0.1316
pillow,all,all,1-2k,1-2k,48243,high,1,Косметика/гигиена,Постельное белье,3387,2916,0.0702,0.0604,47.15,130.79,Пятница,Ночь (00-05),2025-11,37745.76,Воскресенье,Ночь (00-05),2025-08,118384.54,Другая мебель,Постельное белье,1728,2916,0.0358,0.0604,2533.31,2163.76,70x70,anatomic,0.068,0.0725,0.0584,0.0626,0.0342,0.0375,0.0584,0.0626
pillow,all,all,1-2k,1-2k,297806,high,1,Одеяло,Косметика/гигиена,13878,9120,0.0466,0.0306,80.75,20.39,Понедельник,Вечер (18-23),2024-01,149667.46,Суббота,Ночь (00-05),2024-02,95741.53,Постельное белье,Одеяло,6703,13878,0.0225,0.0466,1979.56,1732.72,70x70,down,0.0458,0.0474,0.03,0.0312,0.022,0.023,0.0458,0.0474
pillow,all,all,1-2k,1-2k,3189,high,1,Постельное белье,Наволочка,156,148,0.0489,0.0464,90.89,49.66,,,,,,,,,Другая мебель,Постельное белье,85,156,0.0267,0.0489,2590.21,1858.04,70x70,memory,0.042,0.057,0.0396,0.0543,0.0216,0.0328,0.042,0.057
pillow,all,all,1-2k,1-2k,5339,high,1,Одеяло,Детские товары,228,218,0.0427,0.0408,73.24,51.95,,,2025-08,26955.6,,,,,Другая мебель,Постельное белье,126,190,0.0236,0.0356,2426.63,2295.03,70x70,orthopedic,0.0376,0.0485,0.0358,0.0465,0.0199,0.028,0.0309,0.0409
pillow,all,all,1-2k,1-2k,20567,high,1,Наволочка,Постельное белье,1150,530,0.0559,0.0258,83.56,50.17,Пятница,Вечер (18-23),2024-02,24097.03,Четверг,Вечер (18-23),2025-05,20839.27,Постельное белье,Одеяло,530,1252,0.0258,0.0609,1946.71,1590.98,70x70,synthetic,0.0529,0.0591,0.0237,0.028,0.0237,0.028,0.0577,0.0642
pillow,all,all,1-2k,1-2k,371954,high,1,Наволочка,Постельное белье,24974,21413,0.0671,0.0576,89.85,115.88,Суббота,Ночь (00-05),2024-01,102660.1,Суббота,Ночь (00-05),2025-08,784397.92,Другая мебель,Постельное белье,11399,21413,0.0306,0.0576,2798.19,2012.91,70x70,unknown,0.0663,0.068,0.0568,0.0583,0.0301,0.0312,0.0568,0.0583
pillow,all,all,1-2k,1-2k,50420,high,1,Наволочка,Одеяло,1100,940,0.0218,0.0186,30.43,35.94,Воскресенье,Вечер (18-23),2024-08,22396.22,Среда,Вечер (18-23),2024-08,17016.31,Одеяло,Наволочка,940,1100,0.0186,0.0218,1927.79,1394.75,unknown,anatomic,0.0206,0.0231,0.0175,0.0199,0.0175,0.0199,0.0206,0.0231
pillow,all,all,1-2k,1-2k,40893,high,1,Одеяло,Косметика/гигиена,1258,1126,0.0308,0.0275,64.75,21.67,Четверг,Вечер (18-23),2024-05,27877.07,Вторник,Вечер (18-23),2025-12,13246.27,Постельное белье,Одеяло,463,1258,0.0113,0.0308,2353.58,2104.85,unknown,down,0.0291,0.0325,0.026,0.0292,0.0103,0.0124,0.0291,0.0325
pillow,all,all,1-2k,1-2k,544758,high,1,Детские товары,Наволочка,9344,8754,0.0172,0.0161,19.14,20.04,Суббота,Ночь (00-05),2025-12,174874.35,Понедельник,Ночь (00-05),2024-07,75855.25,Одеяло,Наволочка,5685,8754,0.0104,0.0161,1939.74,1246.82,unknown,memory,0.0168,0.0175,0.0157,0.0164,0.0102,0.0107,0.0157,0.0164
pillow,all,all,1-2k,1-2k,647949,high,1,Детские товары,Наволочка,15640,12290,0.0241,0.019,27.69,20.74,Суббота,Ночь (00-05),2025-12,448302.22,Суббота,Ночь (00-05),2025-08,86372.9,Другая мебель,Постельное белье,9465,6616,0.0146,0.0102,2745.84,2044.58,unknown,orthopedic,0.0238,0.0245,0.0186,0.0193,0.0143,0.0149,0.01,0.0105
pillow,all,all,1-2k,1-2k,1570,medium,1,Одеяло,Наматрасник/топпер,34,28,0.0217,0.0178,46.01,43.58,,,,,,,,,Одеяло,Косметика/гигиена,34,23,0.0217,0.0146,2124.4,952.77,unknown,synthetic,0.0155,0.0301,0.0124,0.0257,0.0155,0.0301,0.0098,0.0219
pillow,all,all,1-2k,1-2k,78164,high,1,Детские товары,Наволочка,5305,4929,0.0679,0.0631,79.02,79.25,Четверг,Ночь (00-05),2025-08,166095.6,Вторник,Ночь (00-05),2024-02,33764.94,Матрас,Другая мебель,2550,2991,0.0326,0.0383,15561.11,4145.07,unknown,unknown,0.0661,0.0697,0.0614,0.0648,0.0314,0.0339,0.0369,0.0396
pillow,all,all,2-3k,2-3k,446,low,1,Наволочка,Одеяло,12,5,0.0269,0.0112,44.43,30.02,,,,,,,,,Постельное белье,Хранение/органайзеры,3,3,0.0067,0.0067,3435.0,3100.33,40x60,anatomic,0.0155,0.0464,0.0048,0.026,0.0023,0.0196,0.0023,0.0196
pillow,all,all,2-3k,2-3k,513,low,1,Одеяло,Косметика/гигиена,20,20,0.039,0.039,142.51,34.73,,,,,,,,,Наволочка,Косметика/гигиена,34,20,0.0663,0.039,1659.79,890.84,40x60,down,0.0254,0.0594,0.0254,0.0594,0.0478,0.0912,0.0254,0.0594
pillow,all,all,2-3k,2-3k,53198,high,1,Наволочка,Одеяло,1110,801,0.0209,0.0151,29.16,39.86,Понедельник,День (12-17),2024-08,21779.87,Среда,День (12-17),2024-05,28986.25,Наволочка,Детские товары,1110,607,0.0209,0.0114,1397.31,1215.85,40x60,memory,0.0197,0.0221,0.0141,0.0161,0.0197,0.0221,0.0105,0.0123
pillow,all,all,2-3k,2-3k,6474,high,1,Наволочка,Детские товары,189,186,0.0292,0.0287,34.01,35.43,,,,,,,,,Другая мебель,Наматрасник/топпер,104,83,0.0161,0.0128,2304.06,2196.9,40x60,orthopedic,0.0254,0.0336,0.0249,0.0331,0.0133,0.0194,0.0104,0.0159
pillow,all,all,2-3k,2-3k,824,medium,1,Одеяло,Детские товары,50,49,0.0607,0.0595,135.87,62.25,,,,,,,,,Постельное белье,Детские товары,38,49,0.0461,0.0595,2236.3,1046.8,40x60,unknown,0.0463,0.0791,0.0453,0.0777,0.0338,0.0627,0.0453,0.0777
pillow,all,all,2-3k,2-3k,42540,high,1,Наволочка,Косметика/гигиена,3377,2387,0.0794,0.0561,151.49,47.36,Четверг,Вечер (18-23),2024-08,41662.54,Воскресенье,Ночь (00-05),2025-08,37960.39,Другая мебель,Постельное белье,1301,1750,0.0306,0.0411,3632.81,3397.02,50x70,anatomic,0.0769,0.082,0.054,0.0583,0.029,0.0323,0.0393,0.0431
pillow,all,all,2-3k,2-3k,87921,high,1,Наволочка,Косметика/гигиена,4959,2897,0.0564,0.033,115.72,30.43,Среда,Ночь (00-05),2024-04,51921.95,Вторник,Ночь (00-05),2025-07,44204.24,Постельное белье,Одеяло,1422,5204,0.0162,0.0592,3309.21,2948.96,50x70,down,0.0549,0.0579,0.0318,0.0342,0.0154,0.017,0.0576,0.0608
pillow,all,all,2-3k,2-3k,18376,high,1,Косметика/гигиена,Одеяло,565,559,0.0307,0.0304,25.44,71.6,Воскресенье,Вечер (18-23),2025-02,4145.61,Суббота,День (12-17),2024-09,7437.08,Другая мебель,Одеяло,224,559,0.0122,0.0304,2943.09,2353.74,50x70,memory,0.0283,0.0333,0.028,0.033,0.0107,0.0139,0.028,0.033
pillow,all,all,2-3k,2-3k,14762,high,1,Наволочка,Детские товары,663,493,0.0449,0.0334,62.34,40.58,Воскресенье,Утро (06-11),2025-08,13795.83,,,2025-08,45760.83,Другая мебель,Постельное белье,298,279,0.0202,0.0189,3599.01,2671.36,50x70,orthopedic,0.0417,0.0484,0.0306,0.0364,0.018,0.0226,0.0168,0.0212
pillow,all,all,2-3k,2-3k,5639,high,1,Наволочка,Косметика/гигиена,330,187,0.0585,0.0332,130.03,37.27,,,2025-09,29747.1,,,,,Другая мебель,Одеяло,79,492,0.014,0.0872,3438.68,3155.1,50x70,synthetic,0.0527,0.065,0.0288,0.0382,0.0113,0.0174,0.0802,0.0949
pillow,all,all,2-3k,2-3k,104472,high,1,Наволочка,Косметика/гигиена,7201,5792,0.0689,0.0554,127.74,48.51,Воскресенье,Ночь (00-05),2025-08,95274.32,Среда,Ночь (00-05),2025-08,88883.32,Другая мебель,Постельное белье,3792,4556,0.0363,0.0436,8031.52,3413.83,50x70,unknown,0.0674,0.0705,0.0541,0.0568,0.0352,0.0374,0.0424,0.0449
pillow,all,all,2-3k,2-3k,1084,medium,1,Косметика/гигиена,Одеяло,43,31,0.0397,0.0286,23.87,70.73,,,,,,,,,Наволочка,Косметика/гигиена,52,43,0.048,0.0397,926.62,601.83,60x60,down,0.0296,0.053,0.0202,0.0403,0.0368,0.0624,0.0296,0.053
pillow,all,all,2-3k,2-3k,26238,high,1,Наволочка,Постельное белье,1636,1272,0.0624,0.0485,106.23,128.61,Понедельник,Вечер (18-23),2025-05,34547.2,Понедельник,Ночь (00-05),2025-08,85665.44,Другая мебель,Постельное белье,659,1272,0.0251,0.0485,3398.44,2652.84,70x70,anatomic,0.0595,0.0653,0.0459,0.0511,0.0233,0.0271,0.0459,0.0511
pillow,all,all,2-3k,2-3k,110026,high,1,Наволочка,Косметика/гигиена,5904,3084,0.0537,0.028,96.82,21.79,Воскресенье,Вечер (18-23),2024-04,75757.41,Вторник,Ночь (00-05),2025-08,41728.36,Постельное белье,Одеяло,2385,6025,0.0217,0.0548,2446.78,2376.16,70x70,down,0.0523,0.055,0.0271,0.029,0.0208,0.0226,0.0534,0.0561
pillow,all,all,2-3k,2-3k,1751,medium,1,Косметика/гигиена,Одеяло,67,53,0.0383,0.0303,25.25,72.23,,,,,,,,,Постельное белье,Наволочка,43,67,0.0246,0.0383,2230.36,1765.5,70x70,memory,0.0302,0.0483,0.0232,0.0394,0.0183,0.0329,0.0302,0.0483
pillow,all,all,2-3k,2-3k,1439,medium,1,Одеяло,Наволочка,74,74,0.0514,0.0514,136.22,77.42,,,,,,,,,Постельное белье,Другая мебель,61,39,0.0424,0.0271,2417.65,1943.95,70x70,orthopedic,0.0412,0.0641,0.0412,0.0641,0.0331,0.0541,0.0199,0.0368
pillow,all,all,2-3k,2-3k,5681,high,1,Наволочка,Косметика/гигиена,356,146,0.0627,0.0257,128.91,19.05,,,2024-02,23383.12,,,,,Другая мебель,Постельное белье,69,101,0.0121,0.0178,2861.24,2741.68,70x70,synthetic,0.0567,0.0693,0.0219,0.0301,0.0096,0.0153,0.0147,0.0216
pillow,all,all,2-3k,2-3k,84504,high,1,Наволочка,Косметика/гигиена,6000,5311,0.071,0.0628,114.49,47.94,Пятница,Вечер (18-23),2025-06,47138.4,Пятница,Ночь (00-05),2025-08,78720.63,Другая мебель,Постельное белье,3148,5311,0.0373,0.0628,3351.81,2570.67,70x70,unknown,0.0693,0.0728,0.0612,0.0645,0.036,0.0386,0.0612,0.0645
pillow,all,all,2-3k,2-3k,18445,high,1,Одеяло,Наволочка,472,468,0.0256,0.0254,60.58,44.31,Воскресенье,День (12-17),2024-04,22855.62,Понедельник,Вечер (18-23),2024-04,15091.07,Другая мебель,Одеяло,195,472,0.0106,0.0256,4341.8,2367.34,unknown,anatomic,0.0234,0.028,0.0232,0.0277,0.0092,0.0122,0.0234,0.028
pillow,all,all,2-3k,2-3k,15207,high,1,Одеяло,Косметика/гигиена,636,430,0.0418,0.0283,132.83,27.31,Воскресенье,Вечер (18-23),2024-09,54112.07,,,2025-08,17282.72,Одеяло,Постельное белье,636,167,0.0418,0.011,3176.01,3083.14,unknown,down,0.0388,0.0451,0.0258,0.031,0.0388,0.0451,0.0094,0.0128
pillow,all,all,2-3k,2-3k,145949,high,1,Наволочка,Детские товары,2989,2801,0.0205,0.0192,32.4,23.6,Среда,Утро (06-11),2024-06,24591.06,Воскресенье,Ночь (00-05),2025-12,61211.62,Одеяло,Наволочка,2187,2989,0.015,0.0205,2396.62,1582.06,unknown,memory,0.0198,0.0212,0.0185,0.0199,0.0144,0.0156,0.0198,0.0212
pillow,all,all,2-3k,2-3k,181254,high,1,Детские товары,Наволочка,4069,3653,0.0224,0.0202,28.28,28.46,Четверг,Ночь (00-05),2025-12,122034.91,Пятница,Ночь (00-05),2025-08,28851.91,Другая мебель,Одеяло,2838,2898,0.0157,0.016,4463.7,2367.73,unknown,orthopedic,0.0218,0.0231,0.0195,0.0208,0.0151,0.0162,0.0154,0.0166
pillow,all,all,2-3k,2-3k,36703,high,1,Детские товары,Одеяло,2497,2380,0.068,0.0648,86.0,188.29,Суббота,Ночь (00-05),2025-08,73145.16,Понедельник,День (12-17),2024-04,50433.53,Матрас,Другая мебель,1692,1621,0.0461,0.0442,19263.53,6458.22,unknown,unknown,0.0655,0.0707,0.0624,0.0674,0.044,0.0483,0.0421,0.0463
pillow,all,all,3-5k,3-5k,599,low,1,Другая мебель,Кухонный текстиль,7,6,0.0117,0.01,79.71,3.08,,,,,,,,,Декор,Постельное белье,1,1,0.0017,0.0017,10615.0,7244.0,40x60,anatomic,0.0057,0.0239,0.0046,0.0217,0.0003,0.0094,0.0003,0.0094
pillow,all,all,3-5k,3-5k,17782,high,1,Косметика/гигиена,Наволочка,476,463,0.0268,0.026,29.01,48.8,Среда,Вечер (18-23),2025-01,2453.43,Вторник,Вечер (18-23),2024-12,18164.85,Другая мебель,Одеяло,193,486,0.0109,0.0273,4893.61,3096.23,40x60,memory,0.0245,0.0292,0.0238,0.0285,0.0094,0.0125,0.025,0.0298
pillow,all,all,3-5k,3-5k,3866,high,1,Наволочка,Одеяло,160,158,0.0414,0.0409,68.25,114.75,,,,,,,,,Другая мебель,Одеяло,73,158,0.0189,0.0409,3927.66,2807.82,40x60,orthopedic,0.0355,0.0481,0.0351,0.0476,0.015,0.0237,0.0351,0.0476
pillow,all,all,3-5k,3-5k,636,low,1,Одеяло,Косметика/гигиена,29,29,0.0456,0.0456,146.04,38.77,,,,,,,,,Детские товары,Наволочка,38,22,0.0597,0.0346,1682.76,1681.88,40x60,unknown,0.0319,0.0647,0.0319,0.0647,0.0438,0.0809,0.023,0.0518
pillow,all,all,3-5k,3-5k,26117,high,1,Наволочка,Косметика/гигиена,2031,1411,0.0778,0.054,202.72,60.38,Воскресенье,День (12-17),2024-10,62910.83,Четверг,Ночь (00-05),2025-08,33525,Постельное белье,Другая мебель,951,699,0.0364,0.0268,4428.27,4307.79,50x70,anatomic,0.0746,0.0811,0.0513,0.0568,0.0342,0.0388,0.0249,0.0288
pillow,all,all,3-5k,3-5k,60677,high,1,Наволочка,Косметика/гигиена,3211,1991,0.0529,0.0328,148.2,35.02,Пятница,Вечер (18-23),2024-08,40261.98,Четверг,Ночь (00-05),2025-08,24357.37,Одеяло,Другая мебель,3882,906,0.064,0.0149,4230.81,3821.44,50x70,down,0.0512,0.0547,0.0314,0.0343,0.0621,0.066,0.014,0.0159
pillow,all,all,3-5k,3-5k,10114,high,1,Одеяло,Косметика/гигиена,543,336,0.0537,0.0332,154.49,32.2,Четверг,Вечер (18-23),2024-10,41594.06,,,,,Другая мебель,Постельное белье,192,161,0.019,0.0159,3807.96,3557.67,50x70,memory,0.0495,0.0583,0.0299,0.0369,0.0165,0.0218,0.0137,0.0185
pillow,all,all,3-5k,3-5k,5440,high,1,Косметика/гигиена,Одеяло,283,273,0.052,0.0502,46.94,138.34,,,2025-08,8973.24,,,,,Другая мебель,Постельное белье,114,139,0.021,0.0256,3294.23,3238.11,50x70,orthopedic,0.0464,0.0582,0.0447,0.0563,0.0175,0.0251,0.0217,0.0301
pillow,all,all,3-5k,3-5k,4231,high,1,Наволочка,Косметика/гигиена,248,133,0.0586,0.0314,165.77,37.14,,,,,,,,,Другая мебель,Одеяло,68,365,0.0161,0.0863,6223.36,4962.21,50x70,synthetic,0.0519,0.0661,0.0266,0.0371,0.0127,0.0203,0.0782,0.0951
pillow,all,all,3-5k,3-5k,76437,high,1,Наволочка,Косметика/гигиена,4357,3797,0.057,0.0497,151.15,52.93,Пятница,Вечер (18-23),2025-08,68928.36,Понедельник,Ночь (00-05),2025-08,82160.64,Другая мебель,Постельное белье,2302,2782,0.0301,0.0364,9298.69,4564.32,50x70,unknown,0.0554,0.0587,0.0482,0.0512,0.0289,0.0314,0.0351,0.0377
pillow,all,all,3-5k,3-5k,385,low,1,Наволочка,Другая мебель,12,8,0.0312,0.0208,35.6,41.36,,,,,,,,,Наматрасник/топпер,Матрас,3,6,0.0078,0.0156,3987.67,3646.5,60x60,down,0.0179,0.0537,0.0106,0.0405,0.0027,0.0227,0.0072,0.0336
pillow,all,all,3-5k,3-5k,11505,high,1,Наволочка,Косметика/гигиена,804,479,0.0699,0.0416,161.48,40.79,Воскресенье,Вечер (18-23),2024-11,20267.44,,,2025-07,14701.39,Другая мебель,Постельное белье,262,470,0.0228,0.0409,3830.67,3171.83,70x70,anatomic,0.0654,0.0747,0.0381,0.0454,0.0202,0.0257,0.0374,0.0446
pillow,all,all,3-5k,3-5k,52307,high,1,Наволочка,Косметика/гигиена,2656,1422,0.0508,0.0272,110.4,25.83,Среда,Вечер (18-23),2024-01,66507.74,Понедельник,Ночь (00-05),2025-10,23371.2,Одеяло,Постельное белье,2915,1047,0.0557,0.02,3331.37,3235.4,70x70,down,0.0489,0.0527,0.0258,0.0286,0.0538,0.0577,0.0189,0.0213
pillow,all,all,3-5k,3-5k,670,low,1,Одеяло,Косметика/гигиена,23,22,0.0343,0.0328,84.03,24.85,,,,,,,,,Наволочка,Косметика/гигиена,37,22,0.0552,0.0328,1920.94,756.91,70x70,memory,0.023,0.051,0.0218,0.0492,0.0403,0.0752,0.0218,0.0492
pillow,all,all,3-5k,3-5k,747,medium,1,Детские товары,Косметика/гигиена,37,34,0.0495,0.0455,69.47,24.94,,,,,,,,,Наволочка,Детские товары,38,37,0.0509,0.0495,1747.91,1402.54,70x70,orthopedic,0.0361,0.0675,0.0328,0.0629,0.0373,0.0691,0.0361,0.0675
pillow,all,all,3-5k,3-5k,3807,high,1,Наволочка,Косметика/гигиена,253,117,0.0665,0.0307,178.03,29.5,,,2024-02,25058.1,,,,,Постельное белье,Одеяло,66,269,0.0173,0.0707,3509.64,3233.35,70x70,synthetic,0.059,0.0748,0.0257,0.0367,0.0137,0.022,0.0629,0.0792
pillow,all,all,3-5k,3-5k,30901,high,1,Наволочка,Косметика/гигиена,2223,1734,0.0719,0.0561,164.92,50.71,Пятница,Ночь (00-05),2024-01,39720.61,Суббота,Ночь (00-05),2025-08,51698.65,Другая мебель,Постельное белье,1038,1643,0.0336,0.0532,5295.86,3350.62,70x70,unknown,0.0691,0.0749,0.0536,0.0587,0.0316,0.0357,0.0507,0.0557
pillow,all,all,3-5k,3-5k,16260,high,1,Одеяло,Наволочка,367,330,0.0226,0.0203,78.79,47.52,,,2024-01,65789.63,,,2024-02,0,Другая мебель,Одеяло,193,367,0.0119,0.0226,5107.52,3490.77,unknown,anatomic,0.0204,0.025,0.0182,0.0226,0.0103,0.0137,0.0204,0.025
pillow,all,all,3-5k,3-5k,12149,high,1,Одеяло,Косметика/гигиена,606,281,0.0499,0.0231,229.3,22.64,Четверг,День (12-17),2024-11,51527.94,,,,,Одеяло,Постельное белье,606,159,0.0499,0.0131,4597.02,3635.35,unknown,down,0.0461,0.0539,0.0206,0.026,0.0461,0.0539,0.0112,0.0153
pillow,all,all,3-5k,3-5k,67401,high,1,Наволочка,Одеяло,1604,1355,0.0238,0.0201,45.19,59.02,Суббота,Вечер (18-23),2025-07,43833.55,Вторник,Вечер (18-23),2025-05,36021.95,Другая мебель,Одеяло,921,1355,0.0137,0.0201,3814.81,2935.95,unknown,memory,0.0227,0.025,0.0191,0.0212,0.0128,0.0146,0.0191,0.0212
pillow,all,all,3-5k,3-5k,107810,high,1,Детские товары,Наволочка,2571,2515,0.0238,0.0233,33.13,37.68,Суббота,Ночь (00-05),2025-08,78635.69,Воскресенье,Ночь (00-05),2025-10,40354.46,Другая мебель,Постельное белье,1826,1225,0.0169,0.0114,7805.89,3213.06,unknown,orthopedic,0.023,0.0248,0.0224,0.0242,0.0162,0.0177,0.0107,0.012
pillow,all,all,3-5k,3-5k,27598,high,1,Одеяло,Детские товары,1797,1443,0.0651,0.0523,314.77,72.88,Среда,День (12-17),2025-08,94727.66,Суббота,Ночь (00-05),2025-08,64954.21,Матрас,Другая мебель,1424,1094,0.0516,0.0396,24667.74,12686.32,unknown,unknown,0.0623,0.0681,0.0497,0.055,0.049,0.0543,0.0374,0.042
pillow,all,all,5-10k,5-10k,174,low,1,Хранение/органайзеры,Матрас,2,2,0.0115,0.0115,8.6,163.69,,,,,,,,,Другая мебель,Одеяло,2,2,0.0115,0.0115,8348.75,6450.0,40x60,anatomic,0.0032,0.0409,0.0032,0.0409,0.0032,0.0409,0.0032,0.0409
pillow,all,all,5-10k,5-10k,157,low,1,Косметика/гигиена,Наволочка,5,4,0.0318,0.0255,30.34,39.62,,,,,,,,,Постельное белье,Одежда для дома,2,1,0.0127,0.0064,3842.5,2416.0,40x60,down,0.0137,0.0724,0.01,0.0637,0.0035,0.0453,0.0011,0.0352
pillow,all,all,5-10k,5-10k,4985,high,1,Наволочка,Косметика/гигиена,210,131,0.0421,0.0263,113.25,37.85,,,,,,,,,Другая мебель,Одеяло,67,232,0.0134,0.0465,5691.63,3929.01,40x60,memory,0.0369,0.0481,0.0222,0.0311,0.0106,0.017,0.041,0.0527
pillow,all,all,5-10k,5-10k,636,medium,1,Наволочка,Простыня,38,32,0.0597,0.0503,150.51,79.57,,,,,,,,,Наволочка,Простыня,38,32,0.0597,0.0503,2519.0,1581.51,40x60,orthopedic,0.0438,0.0809,0.0359,0.0702,0.0438,0.0809,0.0359,0.0702
pillow,all,all,5-10k,5-10k,5913,high,1,Наволочка,Косметика/гигиена,495,313,0.0837,0.0529,366.96,80.11,Воскресенье,День (12-17),2024-11,24637.73,,,2025-08,31154.69,Постельное белье,Другая мебель,253,200,0.0428,0.0338,6197.82,5681.36,50x70,anatomic,0.0769,0.091,0.0475,0.0589,0.0379,0.0482,0.0295,0.0387
pillow,all,all,5-10k,5-10k,25519,high,1,Наволочка,Косметика/гигиена,1081,721,0.0424,0.0283,176.24,39.25,Четверг,Вечер (18-23),2024-07,46648.6,Понедельник,Утро (06-11),2025-07,19541.72,Другая мебель,Постельное белье,323,407,0.0127,0.0159,6004.09,5951.51,50x70,down,0.04,0.0449,0.0263,0.0304,0.0114,0.0141,0.0145,0.0176
pillow,all,all,5-10k,5-10k,1750,high,1,Наволочка,Простыня,127,55,0.0726,0.0314,245.01,74.53,,,,,,,,,Другая мебель,Постельное белье,49,30,0.028,0.0171,8178.86,8100.03,50x70,memory,0.0613,0.0857,0.0242,0.0407,0.0212,0.0368,0.012,0.0244
pillow,all,all,5-10k,5-10k,1763,medium,1,Косметика/гигиена,Одеяло,95,88,0.0539,0.0499,49.54,284.68,,,,,,,,,Одеяло,Постельное белье,88,39,0.0499,0.0221,5703.32,4825.09,50x70,orthopedic,0.0443,0.0654,0.0407,0.0611,0.0407,0.0611,0.0162,0.0301
pillow,all,all,5-10k,5-10k,1135,medium,1,Наволочка,Косметика/гигиена,75,34,0.0661,0.03,503.02,47.31,,,,,,,,,Наматрасник/топпер,Наволочка,33,75,0.0291,0.0661,7833.91,7612.32,50x70,synthetic,0.053,0.082,0.0215,0.0416,0.0208,0.0406,0.053,0.082
pillow,all,all,5-10k,5-10k,21400,high,1,Наволочка,Косметика/гигиена,1243,810,0.0581,0.0379,265.67,53.11,Суббота,Вечер (18-23),2025-06,59579.06,Среда,Вечер (18-23),2025-07,16718.77,Другая мебель,Одеяло,635,2363,0.0297,0.1104,17086.64,6861.97,50x70,unknown,0.055,0.0613,0.0354,0.0405,0.0275,0.032,0.1063,0.1147
pillow,all,all,5-10k,5-10k,2609,high,1,Наволочка,Косметика/гигиена,220,112,0.0843,0.0429,291.4,49.39,,,,,,,,,Другая мебель,Постельное белье,67,111,0.0257,0.0425,8430.26,4554.09,70x70,anatomic,0.0743,0.0956,0.0358,0.0514,0.0203,0.0325,0.0354,0.051
pillow,all,all,5-10k,5-10k,19810,high,1,Наволочка,Косметика/гигиена,921,507,0.0465,0.0256,153.12,29.41,Суббота,Вечер (18-23),2024-04,28873.12,,,2025-11,21245.88,Другая мебель,Постельное белье,267,341,0.0135,0.0172,5229.26,4822.77,70x70,down,0.0436,0.0495,0.0235,0.0279,0.012,0.0152,0.0155,0.0191
pillow,all,all,5-10k,5-10k,134,low,1,Одеяло,Простыня,6,6,0.0448,0.0448,244.53,87.1,,,,,,,,,Одеяло,Сумки/багаж,6,3,0.0448,0.0224,5461.2,5237.14,70x70,orthopedic,0.0207,0.0942,0.0207,0.0942,0.0207,0.0942,0.0076,0.0638
pillow,all,all,5-10k,5-10k,811,medium,1,Наволочка,Косметика/гигиена,74,25,0.0912,0.0308,373.09,66.4,,,,,,,,,Наволочка,Наматрасник/топпер,74,22,0.0912,0.0271,4088.91,3421.52,70x70,synthetic,0.0733,0.113,0.021,0.0451,0.0733,0.113,0.018,0.0407
pillow,all,all,5-10k,5-10k,8146,high,1,Наволочка,Косметика/гигиена,516,340,0.0633,0.0417,218.3,54.25,,,2024-09,70118.88,,,2025-07,17330.54,Другая мебель,Постельное белье,216,333,0.0265,0.0409,9951.57,5340.92,70x70,unknown,0.0583,0.0688,0.0376,0.0463,0.0232,0.0302,0.0368,0.0454
pillow,all,all,5-10k,5-10k,13714,high,1,Косметика/гигиена,Наволочка,298,297,0.0217,0.0217,24.38,62.05,,,2024-01,4741.9,,,2024-02,0,Наволочка,Детские товары,297,204,0.0217,0.0149,2865.16,2115.16,unknown,anatomic,0.0194,0.0243,0.0194,0.0242,0.0194,0.0242,0.013,0.017
pillow,all,all,5-10k,5-10k,6118,high,1,Наволочка,Косметика/гигиена,283,144,0.0463,0.0235,135.01,31.7,,,,,,,,,Другая мебель,Одеяло,71,447,0.0116,0.0731,14953.88,9235.5,unknown,down,0.0413,0.0518,0.02,0.0276,0.0092,0.0146,0.0668,0.0799
pillow,all,all,5-10k,5-10k,22138,high,1,Наволочка,Одеяло,490,430,0.0221,0.0194,59.78,88.27,Суббота,День (12-17),2024-01,22467.6,,,2024-11,45649.64,Другая мебель,Одеяло,261,430,0.0118,0.0194,5106.78,4544.65,unknown,memory,0.0203,0.0242,0.0177,0.0213,0.0105,0.0133,0.0177,0.0213
pillow,all,all,5-10k,5-10k,43262,high,1,Матрас,Наматрасник/топпер,1819,1368,0.042,0.0316,1253.69,198.4,Воскресенье,День (12-17),2025-03,851177,Воскресенье,День (12-17),2025-01,151002.98,Кровать/каркас,Матрас,640,1819,0.0148,0.042,31726.09,29816.98,unknown,orthopedic,0.0402,0.044,0.03,0.0333,0.0137,0.016,0.0402,0.044
pillow,all,all,5-10k,5-10k,151,low,1,Наволочка,Покрывало,10,3,0.0662,0.0199,284.9,281.57,,,,,,,,,Матрас,Постельное белье,2,2,0.0132,0.0132,31581.78,24060.5,unknown,synthetic,0.0364,0.1176,0.0068,0.0568,0.0036,0.047,0.0036,0.047
pillow,all,all,5-10k,5-10k,17362,high,1,Одеяло,Наволочка,1589,845,0.0915,0.0487,830.84,134.7,Пятница,День (12-17),2024-09,223855.23,Понедельник,Вечер (18-23),2025-10,29576.83,Кровать/каркас,Другая мебель,610,554,0.0351,0.0319,38369.24,28184.82,unknown,unknown,0.0873,0.0959,0.0456,0.052,0.0325,0.038,0.0294,0.0346
pillow,all,all,10-20k,10-20k,198,low,1,Наволочка,Матрас,10,6,0.0505,0.0303,99.34,470.81,,,,,,,,,Кровать/каркас,Постельное белье,2,2,0.0101,0.0101,15021.27,7269.0,40x60,memory,0.0277,0.0905,0.014,0.0645,0.0028,0.0361,0.0028,0.0361
pillow,all,all,10-20k,10-20k,708,medium,1,Наволочка,Косметика/гигиена,56,39,0.0791,0.0551,694.19,102.58,,,,,,,,,Постельное белье,Наволочка,30,56,0.0424,0.0791,10102.29,8776.55,50x70,anatomic,0.0614,0.1013,0.0406,0.0744,0.0298,0.0598,0.0614,0.1013
pillow,all,all,10-20k,10-20k,5620,high,1,Наволочка,Косметика/гигиена,247,132,0.044,0.0235,309.82,43.15,,,,,,,,,Постельное белье,Другая мебель,72,66,0.0128,0.0117,10778.73,8035.06,50x70,down,0.0389,0.0496,0.0198,0.0278,0.0102,0.0161,0.0092,0.0149
pillow,all,all,10-20k,10-20k,222,low,1,Наволочка,Детские товары,12,11,0.0541,0.0495,366.9,123.65,,,,,,,,,Одеяло,Кухонный текстиль,10,4,0.045,0.018,12232.23,9039.0,50x70,orthopedic,0.0312,0.0921,0.0279,0.0865,0.0246,0.0809,0.007,0.0454
pillow,all,all,10-20k,10-20k,3656,high,1,Наволочка,Постельное белье,201,136,0.055,0.0372,393.45,504.06,,,,,,,,,Кровать/каркас,Другая мебель,44,95,0.012,0.026,42229.24,30890.29,50x70,unknown,0.048,0.0628,0.0315,0.0438,0.009,0.0161,0.0213,0.0317
pillow,all,all,10-20k,10-20k,3689,high,1,Наволочка,Косметика/гигиена,156,85,0.0423,0.023,223.55,35.71,,,,,,,,,Постельное белье,Другая мебель,48,45,0.013,0.0122,9541.06,5750.11,70x70,down,0.0363,0.0493,0.0187,0.0284,0.0098,0.0172,0.0091,0.0163
pillow,all,all,10-20k,10-20k,1134,medium,1,Наволочка,Постельное белье,85,40,0.075,0.0353,677.87,502.25,,,,,,,,,Одеяло,Наволочка,141,85,0.1243,0.075,11873.74,9043.61,70x70,unknown,0.061,0.0918,0.026,0.0477,0.1064,0.1448,0.061,0.0918
pillow,all,all,10-20k,10-20k,3565,high,1,Одеяло,Косметика/гигиена,127,76,0.0356,0.0213,474.86,41.52,,,,,,,,,Одеяло,Наволочка,127,385,0.0356,0.108,13329.67,4669.74,unknown,anatomic,0.03,0.0422,0.0171,0.0266,0.03,0.0422,0.0982,0.1186
pillow,all,all,10-20k,10-20k,1889,high,1,Наволочка,Матрас,114,72,0.0603,0.0381,271.64,2033.73,,,,,,,,,Одеяло,Постельное белье,204,44,0.108,0.0233,17042.3,11021.2,unknown,down,0.0505,0.072,0.0304,0.0477,0.0948,0.1228,0.0174,0.0311
pillow,all,all,10-20k,10-20k,2213,medium,1,Косметика/гигиена,Детские товары,50,44,0.0226,0.0199,34.38,65.96,,,,,,,,,Наволочка,Детские товары,33,44,0.0149,0.0199,3848.81,3317.51,unknown,memory,0.0172,0.0297,0.0148,0.0266,0.0106,0.0209,0.0148,0.0266
pillow,all,all,10-20k,10-20k,15074,high,1,Другая мебель,Матрас,512,474,0.034,0.0314,1246.88,1308.09,Суббота,День (12-17),2025-05,310439.24,Суббота,День (12-17),2025-02,587395.76,Матрас,Другая мебель,474,512,0.0314,0.034,41599.32,36709.97,unknown,orthopedic,0.0312,0.037,0.0288,0.0344,0.0288,0.0344,0.0312,0.037
pillow,all,all,10-20k,10-20k,8094,high,1,Одеяло,Кровать/каркас,1002,515,0.1238,0.0636,1623.48,3409.14,Понедельник,День (12-17),2024-12,135367.49,Вторник,День (12-17),2024-04,1040797.64,Кровать/каркас,Другая мебель,515,253,0.0636,0.0313,53579.76,42825.96,unknown,unknown,0.1168,0.1311,0.0585,0.0692,0.0585,0.0692,0.0277,0.0353
pillow,all,all,20-30k,20-30k,474,medium,1,Наволочка,Полотенце,43,20,0.0907,0.0422,1231.02,421.79,,,,,,,,,Наволочка,Полотенце,43,20,0.0907,0.0422,13569.89,9996.47,50x70,unknown,0.068,0.12,0.0275,0.0643,0.068,0.12,0.0275,0.0643
pillow,all,all,20-30k,20-30k,194,low,1,Косметика/гигиена,Детские товары,7,6,0.0361,0.0309,24.48,218.77,,,,,,,,,Одежда для дома,Одеяло,2,8,0.0103,0.0412,12701.0,11167.15,unknown,memory,0.0176,0.0726,0.0142,0.0658,0.0028,0.0368,0.021,0.0792
pillow,all,all,20-30k,20-30k,1333,medium,1,Одеяло,Матрас,87,45,0.0653,0.0338,1193.13,2203.14,,,,,,,,,Одеяло,Наволочка,87,165,0.0653,0.1238,18280.93,7931.56,unknown,orthopedic,0.0532,0.0798,0.0253,0.0449,0.0532,0.0798,0.1072,0.1425
pillow,all,all,20-30k,20-30k,1580,high,1,Одеяло,Наволочка,300,118,0.1899,0.0747,3670.39,323.2,Суббота,День (12-17),,109742.67,,,,,Кровать/каркас,Другая мебель,113,46,0.0715,0.0291,69049.56,45025.35,unknown,unknown,0.1713,0.21,0.0627,0.0887,0.0598,0.0853,0.0219,0.0386
pillow,all,all,30k+,30k+,632,medium,1,Матрас,Наволочка,158,65,0.25,0.1028,28536.97,901.42,,,,,,,,,Кровать/каркас,Одеяло,40,210,0.0633,0.3323,78392.48,34067.61,unknown,unknown,0.2178,0.2852,0.0815,0.129,0.0468,0.085,0.2967,0.3699
pillow,marketplace,marketplace,0-1k,0-1k,807,medium,1,Косметика/гигиена,Наволочка,58,52,0.0719,0.0644,42.66,50.56,,,,,,,,,Постельное белье,Одеяло,47,35,0.0582,0.0434,1743.41,1579.33,40x60,anatomic,0.056,0.0918,0.0495,0.0835,0.0441,0.0766,0.0313,0.0597
pillow,marketplace,marketplace,0-1k,0-1k,5150,high,1,Детские товары,Косметика/гигиена,190,155,0.0369,0.0301,46.45,17.8,,,,,,,,,Наматрасник/топпер,Постельное белье,57,94,0.0111,0.0183,1587.65,1526.95,40x60,down,0.0321,0.0424,0.0258,0.0351,0.0086,0.0143,0.0149,0.0223
pillow,marketplace,marketplace,0-1k,0-1k,5228,medium,1,Подарки/сувениры,Детские товары,74,57,0.0142,0.0109,4.39,5.42,Вторник,Вечер (18-23),2024-10,12900.64,,,,,Детские товары,Подарки/сувениры,57,74,0.0109,0.0142,496.81,310.45,40x60,memory,0.0113,0.0177,0.0084,0.0141,0.0084,0.0141,0.0113,0.0177
pillow,marketplace,marketplace,0-1k,0-1k,4660,high,1,Косметика/гигиена,Наволочка,124,120,0.0266,0.0258,16.1,19.03,,,,,,,,,Простыня,Наволочка,52,120,0.0112,0.0258,888.33,739.04,40x60,orthopedic,0.0224,0.0316,0.0216,0.0307,0.0085,0.0146,0.0216,0.0307
pillow,marketplace,marketplace,0-1k,0-1k,6437,high,1,Наволочка,Косметика/гигиена,521,505,0.0809,0.0785,44.14,47.87,Четверг,Вечер (18-23),2024-03,6630.11,,,2024-02,13803.07,Матрас,Другая мебель,160,194,0.0249,0.0301,4366.02,1802.83,40x60,unknown,0.0745,0.0879,0.0721,0.0853,0.0213,0.029,0.0262,0.0346
pillow,marketplace,marketplace,0-1k,0-1k,72030,high,1,Косметика/гигиена,Наволочка,4000,3744,0.0555,0.052,33.84,55.92,Среда,Ночь (00-05),2025-12,46982.98,Вторник,Ночь (00-05),2024-11,25447.26,Другая мебель,Постельное белье,1506,1830,0.0209,0.0254,2293.91,2051.65,50x70,anatomic,0.0539,0.0572,0.0504,0.0536,0.0199,0.022,0.0243,0.0266
pillow,marketplace,marketplace,0-1k,0-1k,226942,high,1,Одеяло,Косметика/гигиена,12251,9151,0.054,0.0403,67.68,25.19,Среда,Ночь (00-05),2024-01,109995.49,Пятница,Ночь (00-05),2024-03,86135.75,Другая мебель,Постельное белье,3841,5049,0.0169,0.0222,2319.47,1817.77,50x70,down,0.0531,0.0549,0.0395,0.0411,0.0164,0.0175,0.0216,0.0229
pillow,marketplace,marketplace,0-1k,0-1k,3654,high,1,Наволочка,Детские товары,169,131,0.0463,0.0359,36.56,37.39,,,,,,,,,Постельное белье,Другая мебель,87,100,0.0238,0.0274,2146.27,1734.22,50x70,memory,0.0399,0.0536,0.0303,0.0424,0.0193,0.0293,0.0226,0.0332
pillow,marketplace,marketplace,0-1k,0-1k,20141,high,1,Наволочка,Детские товары,805,760,0.04,0.0377,32.11,40.02,Четверг,Ночь (00-05),2025-09,7956.28,Суббота,Ночь (00-05),2025-09,24715.01,Постельное белье,Другая мебель,580,505,0.0288,0.0251,1985.94,1966.47,50x70,orthopedic,0.0373,0.0428,0.0352,0.0405,0.0266,0.0312,0.023,0.0273
pillow,marketplace,marketplace,0-1k,0-1k,58544,high,1,Одеяло,Косметика/гигиена,2986,1580,0.051,0.027,59.92,16.9,Среда,Вечер (18-23),2024-01,29324.75,Пятница,Вечер (18-23),2024-02,9442.44,Другая мебель,Постельное белье,607,695,0.0104,0.0119,2548.26,1542.52,50x70,synthetic,0.0493,0.0528,0.0257,0.0283,0.0096,0.0112,0.011,0.0128
pillow,marketplace,marketplace,0-1k,0-1k,790209,high,1,Наволочка,Косметика/гигиена,66424,53279,0.0841,0.0674,80.54,41.3,Суббота,Ночь (00-05),2025-09,309153.35,Суббота,Ночь (00-05),2025-09,563350.9,Другая мебель,Постельное белье,28102,40020,0.0356,0.0506,2102.66,1738.53,50x70,unknown,0.0834,0.0847,0.0669,0.068,0.0352,0.036,0.0502,0.0511
pillow,marketplace,marketplace,0-1k,0-1k,4739,high,1,Косметика/гигиена,Детские товары,139,80,0.0293,0.0169,20.47,15.76,,,,,,,,,Одеяло,Детские товары,78,80,0.0165,0.0169,1421.93,933.35,60x60,down,0.0249,0.0345,0.0136,0.021,0.0132,0.0205,0.0136,0.021
pillow,marketplace,marketplace,0-1k,0-1k,348,low,1,Матрас,Наволочка,5,4,0.0144,0.0115,38.66,13.83,,,,,,,,,Освещение,Одеяло,2,2,0.0057,0.0057,3347.0,2757.0,60x60,synthetic,0.0062,0.0332,0.0045,0.0292,0.0016,0.0207,0.0016,0.0207
pillow,marketplace,marketplace,0-1k,0-1k,391,medium,1,Детские товары,Косметика/гигиена,47,35,0.1202,0.0895,132.19,57.62,,,,,,,,,Косметика/гигиена,Наволочка,35,49,0.0895,0.1253,643.67,640.43,60x60,unknown,0.0916,0.1562,0.0651,0.1219,0.0651,0.1219,0.0961,0.1618
pillow,marketplace,marketplace,0-1k,0-1k,14313,high,1,Косметика/гигиена,Наволочка,847,663,0.0592,0.0463,32.61,44.27,Суббота,Ночь (00-05),2025-11,11191.46,Среда,Вечер (18-23),2025-11,14209.56,Другая мебель,Постельное белье,381,631,0.0266,0.0441,2014.89,1688.06,70x70,anatomic,0.0554,0.0632,0.043,0.0499,0.0241,0.0294,0.0408,0.0476
pillow,marketplace,marketplace,0-1k,0-1k,160406,high,1,Наволочка,Косметика/гигиена,7227,5827,0.0451,0.0363,48.04,20.32,Вторник,Вечер (18-23),2024-01,46508.29,Вторник,Ночь (00-05),2025-05,60839.43,Другая мебель,Постельное белье,2492,5217,0.0155,0.0325,2031.79,1608.81,70x70,down,0.0441,0.0461,0.0354,0.0373,0.0149,0.0162,0.0317,0.0334
pillow,marketplace,marketplace,0-1k,0-1k,2135,high,1,Одеяло,Постельное белье,108,108,0.0506,0.0506,54.85,80.77,,,,,,,,,Другая мебель,Постельное белье,70,108,0.0328,0.0506,2197.4,1596.7,70x70,memory,0.0421,0.0607,0.0421,0.0607,0.026,0.0412,0.0421,0.0607
pillow,marketplace,marketplace,0-1k,0-1k,1602,high,1,Одеяло,Постельное белье,131,115,0.0818,0.0718,94.75,129.33,,,,,,,,,Другая мебель,Постельное белье,59,115,0.0368,0.0718,2272.41,1801.63,70x70,orthopedic,0.0693,0.0962,0.0601,0.0855,0.0287,0.0472,0.0601,0.0855
pillow,marketplace,marketplace,0-1k,0-1k,27674,high,1,Наволочка,Косметика/гигиена,1379,659,0.0498,0.0238,55.22,12.46,Вторник,День (12-17),2024-05,23800.13,Среда,Вечер (18-23),2024-01,4201.57,Наволочка,Одеяло,1379,1393,0.0498,0.0503,1108.23,1074.81,70x70,synthetic,0.0473,0.0525,0.0221,0.0257,0.0473,0.0525,0.0478,0.053
pillow,marketplace,marketplace,0-1k,0-1k,418565,high,1,Постельное белье,Наволочка,30521,27912,0.0729,0.0667,110.76,62.55,Четверг,Ночь (00-05),2025-09,679144.89,Четверг,Вечер (18-23),2025-09,117371.71,Другая мебель,Постельное белье,14315,30521,0.0342,0.0729,2008.79,1518.97,70x70,unknown,0.0721,0.0737,0.0659,0.0674,0.0337,0.0348,0.0721,0.0737
pillow,marketplace,marketplace,0-1k,0-1k,61427,high,1,Наволочка,Детские товары,1243,1153,0.0202,0.0188,19.96,22.94,Четверг,Вечер (18-23),2024-07,17192.56,Понедельник,Ночь (00-05),2024-05,33716.42,Одеяло,Наволочка,975,1243,0.0159,0.0202,1187.28,986.38,unknown,anatomic,0.0192,0.0214,0.0177,0.0199,0.0149,0.0169,0.0192,0.0214
pillow,marketplace,marketplace,0-1k,0-1k,57312,high,1,Косметика/гигиена,Одеяло,1879,1782,0.0328,0.0311,17.84,33.91,Среда,Вечер (18-23),2024-01,14279.44,Воскресенье,Вечер (18-23),2024-05,25199.13,Постельное белье,Одеяло,574,1782,0.01,0.0311,1584.92,1090.46,unknown,down,0.0314,0.0343,0.0297,0.0325,0.0092,0.0109,0.0297,0.0325
pillow,marketplace,marketplace,0-1k,0-1k,153858,high,1,Детские товары,Кухонный текстиль,3434,3235,0.0223,0.021,17.89,7.08,Четверг,Ночь (00-05),2025-12,52831.88,Суббота,Ночь (00-05),2025-05,9523.25,Сумки/багаж,Одежда для дома,2092,1987,0.0136,0.0129,981.09,839.89,unknown,memory,0.0216,0.0231,0.0203,0.0218,0.013,0.0142,0.0124,0.0135
pillow,marketplace,marketplace,0-1k,0-1k,275903,high,1,Детские товары,Другая мебель,5667,3635,0.0205,0.0132,20.97,21.03,Четверг,Ночь (00-05),2025-08,147280.57,Суббота,Ночь (00-05),2025-05,118886.75,Детские товары,Наволочка,5667,3048,0.0205,0.011,1020.78,870.77,unknown,orthopedic,0.02,0.0211,0.0128,0.0136,0.02,0.0211,0.0107,0.0114
pillow,marketplace,marketplace,0-1k,0-1k,849,medium,1,Наволочка,Одеяло,37,36,0.0436,0.0424,37.71,41.92,,,,,,,,,Детские товары,Наволочка,39,37,0.0459,0.0436,974.37,865.3,unknown,synthetic,0.0318,0.0595,0.0308,0.0581,0.0338,0.0622,0.0318,0.0595
pillow,marketplace,marketplace,0-1k,0-1k,71355,high,1,Косметика/гигиена,Наволочка,5883,3162,0.0824,0.0443,47.86,41.25,Четверг,Ночь (00-05),2025-08,59905.52,Пятница,Ночь (00-05),2024-02,33404.23,Постельное белье,Другая мебель,1679,2606,0.0235,0.0365,1756.15,1442.04,unknown,unknown,0.0805,0.0845,0.0428,0.0458,0.0224,0.0247,0.0352,0.0379
pillow,marketplace,marketplace,1-2k,1-2k,357,low,1,Наволочка,Детские товары,25,24,0.07,0.0672,55.55,156.7,,,,,,,,,Постельное белье,Наволочка,22,25,0.0616,0.07,2206.86,793.32,40x60,anatomic,0.0479,0.1013,0.0456,0.0981,0.041,0.0915,0.0479,0.1013
pillow,marketplace,marketplace,1-2k,1-2k,2377,medium,1,Детские товары,Одеяло,88,75,0.037,0.0316,42.22,77.93,,,,,,,,,Постельное белье,Простыня,37,36,0.0156,0.0151,1655.07,1613.38,40x60,down,0.0301,0.0454,0.0252,0.0394,0.0113,0.0214,0.011,0.0209
pillow,marketplace,marketplace,1-2k,1-2k,49532,high,1,Наволочка,Детские товары,761,659,0.0154,0.0133,19.73,17.33,Среда,Вечер (18-23),2024-02,25450.05,Четверг,Вечер (18-23),2024-02,8420.79,Детские товары,Наволочка,659,761,0.0133,0.0154,1302.55,1284.18,40x60,memory,0.0143,0.0165,0.0123,0.0144,0.0123,0.0144,0.0143,0.0165
pillow,marketplace,marketplace,1-2k,1-2k,21146,high,1,Детские товары,Наволочка,721,496,0.0341,0.0235,44.53,24.8,Четверг,Ночь (00-05),2025-08,46477.84,,,2024-11,6111.29,Другая мебель,Постельное белье,288,249,0.0136,0.0118,2123.07,2114.3,40x60,orthopedic,0.0317,0.0366,0.0215,0.0256,0.0121,0.0153,0.0104,0.0133
pillow,marketplace,marketplace,1-2k,1-2k,3039,high,1,Косметика/гигиена,Наволочка,145,110,0.0477,0.0362,35.48,29.52,,,,,,,,,Другая мебель,Постельное белье,74,56,0.0244,0.0184,2607.83,2123.34,40x60,unknown,0.0407,0.0559,0.0301,0.0434,0.0194,0.0305,0.0142,0.0239
pillow,marketplace,marketplace,1-2k,1-2k,117993,high,1,Наволочка,Косметика/гигиена,7843,6657,0.0665,0.0564,98.38,43.53,Суббота,Вечер (18-23),2024-04,55782.86,Пятница,Ночь (00-05),2025-08,82727,Другая мебель,Постельное белье,3055,3995,0.0259,0.0339,3014.2,2706.31,50x70,anatomic,0.0651,0.0679,0.0551,0.0577,0.025,0.0268,0.0328,0.0349
pillow,marketplace,marketplace,1-2k,1-2k,272653,high,1,Одеяло,Косметика/гигиена,14837,9350,0.0544,0.0343,111.2,26.0,Воскресенье,Ночь (00-05),2024-01,130547.94,Понедельник,Ночь (00-05),2024-03,90478.03,Постельное белье,Одеяло,4635,14837,0.017,0.0544,2541.8,2043.5,50x70,down,0.0536,0.0553,0.0336,0.035,0.0165,0.0175,0.0536,0.0553
pillow,marketplace,marketplace,1-2k,1-2k,41319,high,1,Косметика/гигиена,Одеяло,1341,1061,0.0325,0.0257,25.24,53.15,Среда,Вечер (18-23),2025-10,10216.9,Понедельник,Вечер (18-23),2024-10,15056.06,Наматрасник/топпер,Одеяло,429,1061,0.0104,0.0257,2368.56,2069.69,50x70,memory,0.0308,0.0342,0.0242,0.0272,0.0094,0.0114,0.0242,0.0272
pillow,marketplace,marketplace,1-2k,1-2k,43591,high,1,Детские товары,Наволочка,2065,1686,0.0474,0.0387,59.68,42.81,Четверг,Ночь (00-05),2025-08,28860.99,Понедельник,Вечер (18-23),2025-08,21968.34,Постельное белье,Другая мебель,1094,963,0.0251,0.0221,2286.15,2279.77,50x70,orthopedic,0.0454,0.0494,0.0369,0.0405,0.0237,0.0266,0.0208,0.0235
pillow,marketplace,marketplace,1-2k,1-2k,27476,high,1,Наволочка,Косметика/гигиена,1832,890,0.0667,0.0324,99.05,25.42,Воскресенье,Вечер (18-23),2024-02,23658.57,Воскресенье,Утро (06-11),2024-03,7415.61,Другая мебель,Постельное белье,463,661,0.0169,0.0241,2639.16,2354.56,50x70,synthetic,0.0638,0.0697,0.0304,0.0346,0.0154,0.0184,0.0223,0.0259
pillow,marketplace,marketplace,1-2k,1-2k,404548,high,1,Наволочка,Косметика/гигиена,29450,22826,0.0728,0.0564,103.31,41.66,Суббота,Ночь (00-05),2025-06,213147.41,Суббота,Ночь (00-05),2025-08,304167.75,Другая мебель,Постельное белье,12163,15777,0.0301,0.039,2592.38,2449.65,50x70,unknown,0.072,0.0736,0.0557,0.0571,0.0295,0.0306,0.0384,0.0396
pillow,marketplace,marketplace,1-2k,1-2k,4573,high,1,Одеяло,Косметика/гигиена,118,103,0.0258,0.0225,42.99,14.92,,,,,,,,,Одеяло,Детские товары,118,53,0.0258,0.0116,1666.15,1211.28,60x60,down,0.0216,0.0308,0.0186,0.0272,0.0216,0.0308,0.0089,0.0151
pillow,marketplace,marketplace,1-2k,1-2k,434,medium,1,Косметика/гигиена,Детские товары,44,30,0.1014,0.0691,54.25,82.14,,,,,,,,,Наволочка,Косметика/гигиена,57,44,0.1313,0.1014,942.09,535.06,60x60,unknown,0.0764,0.1334,0.0488,0.097,0.1028,0.1664,0.0764,0.1334
pillow,marketplace,marketplace,1-2k,1-2k,48102,high,1,Косметика/гигиена,Постельное белье,3383,2914,0.0703,0.0606,47.25,131.05,Пятница,Ночь (00-05),2025-11,37593.35,Воскресенье,Ночь (00-05),2025-08,118225.64,Другая мебель,Постельное белье,1726,2914,0.0359,0.0606,2535.14,2163.29,70x70,anatomic,0.0681,0.0726,0.0585,0.0627,0.0343,0.0376,0.0585,0.0627
pillow,marketplace,marketplace,1-2k,1-2k,297084,high,1,Одеяло,Косметика/гигиена,13833,9108,0.0466,0.0307,80.65,20.4,Понедельник,Вечер (18-23),2024-01,152054.34,Суббота,Ночь (00-05),2024-02,94925.62,Постельное белье,Одеяло,6668,13833,0.0224,0.0466,1973.92,1732.09,70x70,down,0.0458,0.0473,0.03,0.0313,0.0219,0.023,0.0458,0.0473
pillow,marketplace,marketplace,1-2k,1-2k,3189,high,1,Постельное белье,Наволочка,156,148,0.0489,0.0464,90.89,49.66,,,,,,,,,Другая мебель,Постельное белье,85,156,0.0267,0.0489,2590.21,1858.04,70x70,memory,0.042,0.057,0.0396,0.0543,0.0216,0.0328,0.042,0.057
pillow,marketplace,marketplace,1-2k,1-2k,5333,high,1,Одеяло,Детские товары,228,218,0.0428,0.0409,73.32,52.01,,,2025-08,26919.99,,,,,Другая мебель,Постельное белье,126,190,0.0236,0.0356,2426.63,2295.03,70x70,orthopedic,0.0376,0.0485,0.0359,0.0465,0.0199,0.0281,0.031,0.0409
pillow,marketplace,marketplace,1-2k,1-2k,20453,high,1,Наволочка,Постельное белье,1148,525,0.0561,0.0257,83.83,49.74,Пятница,Вечер (18-23),2024-02,23974.8,Четверг,Вечер (18-23),2025-05,18887.01,Постельное белье,Одеяло,525,1236,0.0257,0.0604,1937.7,1590.35,70x70,synthetic,0.0531,0.0594,0.0236,0.0279,0.0236,0.0279,0.0572,0.0638
pillow,marketplace,marketplace,1-2k,1-2k,368305,high,1,Наволочка,Постельное белье,24850,21285,0.0675,0.0578,90.37,115.61,Суббота,Ночь (00-05),2024-01,100294.71,Суббота,Ночь (00-05),2025-08,783795.14,Другая мебель,Постельное белье,11195,21285,0.0304,0.0578,2536.97,2000.49,70x70,unknown,0.0667,0.0683,0.057,0.0586,0.0298,0.031,0.057,0.0586
pillow,marketplace,marketplace,1-2k,1-2k,49207,high,1,Наволочка,Одеяло,1072,896,0.0218,0.0182,30.56,34.79,Воскресенье,Вечер (18-23),2024-08,20639.44,Вторник,Утро (06-11),2024-08,14248.07,Одеяло,Наволочка,896,1072,0.0182,0.0218,1910.37,1402.88,unknown,anatomic,0.0205,0.0231,0.0171,0.0194,0.0171,0.0194,0.0205,0.0231
pillow,marketplace,marketplace,1-2k,1-2k,40053,high,1,Одеяло,Косметика/гигиена,1171,1051,0.0292,0.0262,60.46,19.35,Четверг,Вечер (18-23),2024-05,30153.68,Среда,Утро (06-11),2024-02,12686.08,Постельное белье,Одеяло,430,1171,0.0107,0.0292,2262.54,2068.05,unknown,down,0.0276,0.0309,0.0247,0.0279,0.0098,0.0118,0.0276,0.0309
pillow,marketplace,marketplace,1-2k,1-2k,540899,high,1,Детские товары,Наволочка,9213,8729,0.017,0.0161,19.05,20.13,Суббота,Ночь (00-05),2025-12,176533.98,Понедельник,Ночь (00-05),2024-07,75946.61,Одеяло,Наволочка,5668,8729,0.0105,0.0161,1941.6,1247.25,unknown,memory,0.0167,0.0174,0.0158,0.0165,0.0102,0.0108,0.0158,0.0165
pillow,marketplace,marketplace,1-2k,1-2k,639491,high,1,Детские товары,Наволочка,15367,12187,0.024,0.0191,27.58,20.89,Суббота,Ночь (00-05),2025-12,448152.53,Суббота,Ночь (00-05),2025-08,86309.69,Другая мебель,Постельное белье,9194,6419,0.0144,0.01,2393.57,2014.29,unknown,orthopedic,0.0237,0.0244,0.0187,0.0194,0.0141,0.0147,0.0098,0.0103
pillow,marketplace,marketplace,1-2k,1-2k,1554,medium,1,Одеяло,Наматрасник/топпер,32,28,0.0206,0.018,42.94,44.03,,,,,,,,,Одеяло,Наволочка,32,43,0.0206,0.0277,2085.26,937.82,unknown,synthetic,0.0146,0.0289,0.0125,0.0259,0.0146,0.0289,0.0206,0.0371
pillow,marketplace,marketplace,1-2k,1-2k,68292,high,1,Детские товары,Наволочка,5150,4674,0.0754,0.0684,87.79,84.49,Четверг,Ночь (00-05),2025-08,154368.62,Вторник,Ночь (00-05),2024-02,26214.63,Другая мебель,Постельное белье,2791,2571,0.0409,0.0376,2240.81,1988.4,unknown,unknown,0.0735,0.0774,0.0666,0.0704,0.0394,0.0424,0.0362,0.0391
pillow,marketplace,marketplace,2-3k,2-3k,424,low,1,Наволочка,Одеяло,12,5,0.0283,0.0118,46.73,31.57,,,,,,,,,Постельное белье,Хранение/органайзеры,3,3,0.0071,0.0071,3435.0,3100.33,40x60,anatomic,0.0163,0.0488,0.005,0.0273,0.0024,0.0206,0.0024,0.0206
pillow,marketplace,marketplace,2-3k,2-3k,512,low,1,Одеяло,Косметика/гигиена,20,20,0.0391,0.0391,142.79,34.8,,,,,,,,,Наволочка,Косметика/гигиена,34,20,0.0664,0.0391,1659.79,890.84,40x60,down,0.0254,0.0596,0.0254,0.0596,0.0479,0.0914,0.0254,0.0596
pillow,marketplace,marketplace,2-3k,2-3k,53169,high,1,Наволочка,Одеяло,1110,801,0.0209,0.0151,29.17,39.88,Понедельник,День (12-17),2024-08,21723.69,Среда,День (12-17),2024-05,29126.58,Наволочка,Детские товары,1110,606,0.0209,0.0114,1397.31,1217.83,40x60,memory,0.0197,0.0221,0.0141,0.0161,0.0197,0.0221,0.0105,0.0123
pillow,marketplace,marketplace,2-3k,2-3k,6331,high,1,Наволочка,Детские товары,184,181,0.0291,0.0286,34.43,35.28,,,,,,,,,Другая мебель,Наматрасник/топпер,103,81,0.0163,0.0128,2323.38,2209.12,40x60,orthopedic,0.0252,0.0335,0.0248,0.033,0.0134,0.0197,0.0103,0.0159
pillow,marketplace,marketplace,2-3k,2-3k,808,medium,1,Детские товары,Одеяло,48,46,0.0594,0.0569,62.63,124.18,,,,,,,,,Постельное белье,Детские товары,34,48,0.0421,0.0594,2060.0,1054.26,40x60,unknown,0.0451,0.0779,0.043,0.0751,0.0303,0.0582,0.0451,0.0779
pillow,marketplace,marketplace,2-3k,2-3k,42442,high,1,Наволочка,Косметика/гигиена,3372,2385,0.0794,0.0562,151.71,47.45,Четверг,Вечер (18-23),2024-08,41894.99,Воскресенье,Ночь (00-05),2025-08,37900.28,Другая мебель,Постельное белье,1298,1750,0.0306,0.0412,3639.42,3397.02,50x70,anatomic,0.0769,0.0821,0.054,0.0584,0.029,0.0323,0.0394,0.0432
pillow,marketplace,marketplace,2-3k,2-3k,87645,high,1,Наволочка,Косметика/гигиена,4948,2893,0.0565,0.033,115.95,30.49,Среда,Ночь (00-05),2024-04,52122.62,Вторник,Ночь (00-05),2025-07,44178.49,Постельное белье,Одеяло,1407,5160,0.0161,0.0589,3270.2,2947.42,50x70,down,0.0549,0.058,0.0318,0.0342,0.0152,0.0169,0.0573,0.0605
pillow,marketplace,marketplace,2-3k,2-3k,18332,high,1,Косметика/гигиена,Одеяло,565,558,0.0308,0.0304,25.5,71.71,Воскресенье,Вечер (18-23),2025-02,4143.79,Суббота,День (12-17),2024-09,7458.74,Другая мебель,Одеяло,224,558,0.0122,0.0304,2943.09,2355.81,50x70,memory,0.0284,0.0334,0.028,0.033,0.0107,0.0139,0.028,0.033
pillow,marketplace,marketplace,2-3k,2-3k,14741,high,1,Наволочка,Детские товары,663,492,0.045,0.0334,62.42,40.63,Воскресенье,Утро (06-11),2025-08,13753.44,,,2025-08,45777.27,Другая мебель,Постельное белье,298,278,0.0202,0.0189,3599.01,2673.42,50x70,orthopedic,0.0417,0.0484,0.0306,0.0364,0.0181,0.0226,0.0168,0.0212
pillow,marketplace,marketplace,2-3k,2-3k,5576,high,1,Наволочка,Косметика/гигиена,330,186,0.0592,0.0334,131.5,37.63,,,2025-09,29455.92,,,,,Другая мебель,Одеяло,79,482,0.0142,0.0864,3438.68,3172.3,50x70,synthetic,0.0533,0.0657,0.029,0.0384,0.0114,0.0176,0.0793,0.0941
pillow,marketplace,marketplace,2-3k,2-3k,99321,high,1,Наволочка,Косметика/гигиена,7018,5754,0.0707,0.0579,132.26,49.84,Воскресенье,Ночь (00-05),2025-08,94676.88,Среда,Ночь (00-05),2025-08,87027.8,Постельное белье,Другая мебель,4026,3176,0.0405,0.032,3198.78,2952.26,50x70,unknown,0.0691,0.0723,0.0565,0.0594,0.0393,0.0418,0.0309,0.0331
pillow,marketplace,marketplace,2-3k,2-3k,1083,medium,1,Косметика/гигиена,Одеяло,43,31,0.0397,0.0286,23.9,70.8,,,,,,,,,Наволочка,Косметика/гигиена,52,43,0.048,0.0397,926.62,601.83,60x60,down,0.0296,0.0531,0.0202,0.0403,0.0368,0.0624,0.0296,0.0531
pillow,marketplace,marketplace,2-3k,2-3k,26191,high,1,Наволочка,Постельное белье,1634,1269,0.0624,0.0485,106.18,128.54,Понедельник,Вечер (18-23),2025-05,32366.21,Понедельник,Ночь (00-05),2025-08,85701.74,Другая мебель,Постельное белье,659,1269,0.0252,0.0485,3398.44,2652.9,70x70,anatomic,0.0595,0.0654,0.0459,0.0511,0.0233,0.0271,0.0459,0.0511
pillow,marketplace,marketplace,2-3k,2-3k,109816,high,1,Наволочка,Косметика/гигиена,5894,3082,0.0537,0.0281,96.95,21.78,Воскресенье,Вечер (18-23),2024-04,74984.64,Вторник,Ночь (00-05),2025-08,41713.48,Постельное белье,Одеяло,2377,6000,0.0216,0.0546,2442.21,2373.69,70x70,down,0.0524,0.055,0.0271,0.0291,0.0208,0.0225,0.0533,0.056
pillow,marketplace,marketplace,2-3k,2-3k,1751,medium,1,Косметика/гигиена,Одеяло,67,53,0.0383,0.0303,25.25,72.23,,,,,,,,,Постельное белье,Наволочка,43,67,0.0246,0.0383,2230.36,1765.5,70x70,memory,0.0302,0.0483,0.0232,0.0394,0.0183,0.0329,0.0302,0.0483
pillow,marketplace,marketplace,2-3k,2-3k,1435,medium,1,Наволочка,Одеяло,74,74,0.0516,0.0516,77.63,136.6,,,,,,,,,Постельное белье,Другая мебель,61,39,0.0425,0.0272,2417.65,1943.95,70x70,orthopedic,0.0413,0.0643,0.0413,0.0643,0.0332,0.0542,0.0199,0.0369
pillow,marketplace,marketplace,2-3k,2-3k,5656,high,1,Наволочка,Косметика/гигиена,355,146,0.0628,0.0258,129.36,19.14,,,2024-02,23363.33,,,,,Постельное белье,Одеяло,97,373,0.0171,0.0659,2289.05,2211.79,70x70,synthetic,0.0567,0.0694,0.022,0.0303,0.0141,0.0209,0.0598,0.0727
pillow,marketplace,marketplace,2-3k,2-3k,83093,high,1,Наволочка,Косметика/гигиена,5955,5304,0.0717,0.0638,115.71,48.68,Пятница,Вечер (18-23),2025-06,47520.22,Пятница,Ночь (00-05),2025-08,77812.95,Другая мебель,Постельное белье,3052,5253,0.0367,0.0632,2832.44,2549.96,70x70,unknown,0.0699,0.0734,0.0622,0.0655,0.0355,0.038,0.0616,0.0649
pillow,marketplace,marketplace,2-3k,2-3k,17684,high,1,Наволочка,Одеяло,460,460,0.026,0.026,45.63,59.92,Понедельник,День (12-17),2024-04,12303.17,Воскресенье,День (12-17),2024-04,22944.29,Другая мебель,Одеяло,183,460,0.0103,0.026,3556.08,2303.44,unknown,anatomic,0.0238,0.0285,0.0238,0.0285,0.009,0.0119,0.0238,0.0285
pillow,marketplace,marketplace,2-3k,2-3k,14691,high,1,Одеяло,Косметика/гигиена,569,389,0.0387,0.0265,113.74,24.2,Воскресенье,Вечер (18-23),2024-09,45391.4,,,,,Постельное белье,Другая мебель,147,173,0.01,0.0118,2768.54,2673.73,unknown,down,0.0357,0.042,0.024,0.0292,0.0085,0.0117,0.0102,0.0137
pillow,marketplace,marketplace,2-3k,2-3k,144715,high,1,Наволочка,Детские товары,2980,2774,0.0206,0.0192,32.57,23.55,Среда,Утро (06-11),2024-06,21684.98,Воскресенье,Ночь (00-05),2025-12,61543.97,Одеяло,Наволочка,2178,2980,0.0151,0.0206,2395.3,1581.45,unknown,memory,0.0199,0.0213,0.0185,0.0199,0.0144,0.0157,0.0199,0.0213
pillow,marketplace,marketplace,2-3k,2-3k,175909,high,1,Детские товары,Наволочка,3962,3590,0.0225,0.0204,27.87,28.91,Четверг,Ночь (00-05),2025-12,122821.76,Вторник,Ночь (00-05),2025-08,27895.94,Другая мебель,Одеяло,2527,2593,0.0144,0.0147,2655.56,2279.96,unknown,orthopedic,0.0218,0.0232,0.0198,0.0211,0.0138,0.0149,0.0142,0.0153
pillow,marketplace,marketplace,2-3k,2-3k,29513,high,1,Детские товары,Одеяло,2414,1874,0.0818,0.0635,101.59,123.79,Суббота,Ночь (00-05),2025-08,60270.53,Воскресенье,Ночь (00-05),2025-07,36412.3,Постельное белье,Другая мебель,1260,1428,0.0427,0.0484,2324.24,2318.43,unknown,unknown,0.0787,0.085,0.0608,0.0663,0.0404,0.0451,0.046,0.0509
pillow,marketplace,marketplace,3-5k,3-5k,591,low,1,Кухонный текстиль,Другая мебель,6,6,0.0102,0.0102,3.12,54.75,,,,,,,,,Декор,Постельное белье,1,1,0.0017,0.0017,10615.0,7244.0,40x60,anatomic,0.0047,0.022,0.0047,0.022,0.0003,0.0095,0.0003,0.0095
pillow,marketplace,marketplace,3-5k,3-5k,17762,high,1,Косметика/гигиена,Наволочка,476,463,0.0268,0.0261,29.05,48.85,Среда,Вечер (18-23),2025-01,2450.57,Вторник,Вечер (18-23),2024-12,18167.79,Другая мебель,Одеяло,193,486,0.0109,0.0274,4893.61,3096.23,40x60,memory,0.0245,0.0293,0.0238,0.0285,0.0094,0.0125,0.0251,0.0299
pillow,marketplace,marketplace,3-5k,3-5k,3830,high,1,Наволочка,Одеяло,159,156,0.0415,0.0407,68.11,114.81,,,,,,,,,Другая мебель,Одеяло,73,156,0.0191,0.0407,3927.66,2818.69,40x60,orthopedic,0.0356,0.0483,0.0349,0.0475,0.0152,0.0239,0.0349,0.0475
pillow,marketplace,marketplace,3-5k,3-5k,620,low,1,Косметика/гигиена,Одеяло,29,27,0.0468,0.0435,39.77,142.22,,,,,,,,,Детские товары,Наволочка,37,22,0.0597,0.0355,1719.73,1681.88,40x60,unknown,0.0328,0.0664,0.0301,0.0626,0.0436,0.0812,0.0235,0.0531
pillow,marketplace,marketplace,3-5k,3-5k,26076,high,1,Наволочка,Косметика/гигиена,2026,1410,0.0777,0.0541,202.92,60.27,Воскресенье,День (12-17),2024-10,63847.73,Четверг,Ночь (00-05),2025-08,33502.24,Постельное белье,Другая мебель,951,699,0.0365,0.0268,4428.27,4307.79,50x70,anatomic,0.0745,0.081,0.0514,0.0569,0.0343,0.0388,0.0249,0.0288
pillow,marketplace,marketplace,3-5k,3-5k,60442,high,1,Наволочка,Косметика/гигиена,3194,1988,0.0528,0.0329,148.34,35.12,Пятница,Вечер (18-23),2024-08,41816.87,Четверг,Ночь (00-05),2025-08,24365.3,Одеяло,Другая мебель,3842,899,0.0636,0.0149,4206.91,3682.57,50x70,down,0.0511,0.0547,0.0315,0.0343,0.0616,0.0655,0.0139,0.0159
pillow,marketplace,marketplace,3-5k,3-5k,10098,high,1,Одеяло,Косметика/гигиена,540,336,0.0535,0.0333,153.17,32.25,Четверг,Вечер (18-23),2024-10,42137.59,,,,,Другая мебель,Постельное белье,191,158,0.0189,0.0156,3824.95,3576.23,50x70,memory,0.0493,0.058,0.0299,0.037,0.0164,0.0218,0.0134,0.0183
pillow,marketplace,marketplace,3-5k,3-5k,5423,high,1,Косметика/гигиена,Одеяло,281,272,0.0518,0.0502,46.98,138.23,,,2025-08,9009.39,,,,,Другая мебель,Постельное белье,114,139,0.021,0.0256,3294.23,3238.11,50x70,orthopedic,0.0462,0.058,0.0447,0.0563,0.0175,0.0252,0.0217,0.0302
pillow,marketplace,marketplace,3-5k,3-5k,4093,high,1,Наволочка,Косметика/гигиена,247,131,0.0603,0.032,170.54,37.97,,,,,,,,,Другая мебель,Одеяло,67,344,0.0164,0.084,6304.32,4793.45,50x70,synthetic,0.0535,0.0681,0.027,0.0379,0.0129,0.0207,0.0759,0.0929
pillow,marketplace,marketplace,3-5k,3-5k,72441,high,1,Наволочка,Косметика/гигиена,4218,3768,0.0582,0.052,155.94,54.11,Суббота,День (12-17),2025-08,77078.59,Понедельник,Ночь (00-05),2025-08,80738.96,Постельное белье,Другая мебель,2342,1837,0.0323,0.0254,4319.15,3874.44,50x70,unknown,0.0565,0.06,0.0504,0.0537,0.0311,0.0336,0.0242,0.0265
pillow,marketplace,marketplace,3-5k,3-5k,385,low,1,Наволочка,Другая мебель,12,8,0.0312,0.0208,35.6,41.36,,,,,,,,,Наматрасник/топпер,Матрас,3,6,0.0078,0.0156,3987.67,3646.5,60x60,down,0.0179,0.0537,0.0106,0.0405,0.0027,0.0227,0.0072,0.0336
pillow,marketplace,marketplace,3-5k,3-5k,11488,high,1,Наволочка,Косметика/гигиена,804,478,0.07,0.0416,161.72,40.48,Воскресенье,Вечер (18-23),2024-11,20135.05,,,2025-07,14783.07,Другая мебель,Постельное белье,262,470,0.0228,0.0409,3830.67,3171.83,70x70,anatomic,0.0655,0.0748,0.0381,0.0454,0.0202,0.0257,0.0374,0.0447
pillow,marketplace,marketplace,3-5k,3-5k,52118,high,1,Наволочка,Косметика/гигиена,2650,1420,0.0508,0.0272,110.62,25.78,Среда,Вечер (18-23),2024-01,66877.36,Понедельник,Ночь (00-05),2025-10,23407.86,Одеяло,Постельное белье,2890,1038,0.0555,0.0199,3331.53,3226.31,70x70,down,0.049,0.0528,0.0259,0.0287,0.0535,0.0574,0.0188,0.0212
pillow,marketplace,marketplace,3-5k,3-5k,669,low,1,Одеяло,Косметика/гигиена,23,22,0.0344,0.0329,84.16,24.89,,,,,,,,,Наволочка,Косметика/гигиена,37,22,0.0553,0.0329,1920.94,756.91,70x70,memory,0.023,0.0511,0.0218,0.0493,0.0404,0.0753,0.0218,0.0493
pillow,marketplace,marketplace,3-5k,3-5k,745,medium,1,Детские товары,Косметика/гигиена,37,34,0.0497,0.0456,69.66,25.0,,,,,,,,,Наволочка,Детские товары,38,37,0.051,0.0497,1747.91,1402.54,70x70,orthopedic,0.0362,0.0677,0.0328,0.0631,0.0374,0.0692,0.0362,0.0677
pillow,marketplace,marketplace,3-5k,3-5k,3794,high,1,Наволочка,Косметика/гигиена,253,117,0.0667,0.0308,178.64,29.6,,,2024-02,24822.66,,,,,Постельное белье,Одеяло,66,262,0.0174,0.0691,3509.64,3212.81,70x70,synthetic,0.0592,0.0751,0.0258,0.0368,0.0137,0.0221,0.0614,0.0776
pillow,marketplace,marketplace,3-5k,3-5k,29541,high,1,Наволочка,Косметика/гигиена,2166,1727,0.0733,0.0585,166.94,52.93,Пятница,Ночь (00-05),2024-01,39604.74,Суббота,Ночь (00-05),2025-08,50815.29,Другая мебель,Постельное белье,930,1568,0.0315,0.0531,3439.35,3185.0,70x70,unknown,0.0704,0.0764,0.0558,0.0612,0.0296,0.0335,0.0506,0.0557
pillow,marketplace,marketplace,3-5k,3-5k,15254,high,1,Одеяло,Наволочка,338,315,0.0222,0.0207,74.55,48.6,,,2024-01,71132.16,,,2024-02,0,Одеяло,Наволочка,338,315,0.0222,0.0207,3364.45,2353.5,unknown,anatomic,0.0199,0.0246,0.0185,0.023,0.0199,0.0246,0.0185,0.023
pillow,marketplace,marketplace,3-5k,3-5k,11691,high,1,Одеяло,Косметика/гигиена,554,266,0.0474,0.0228,206.13,22.18,Четверг,День (12-17),2024-11,45255.58,,,,,Другая мебель,Постельное белье,133,139,0.0114,0.0119,3978.38,3385.62,unknown,down,0.0437,0.0514,0.0202,0.0256,0.0096,0.0135,0.0101,0.014
pillow,marketplace,marketplace,3-5k,3-5k,66396,high,1,Наволочка,Одеяло,1592,1338,0.024,0.0202,45.59,58.02,Суббота,Вечер (18-23),2025-07,43244.64,Вторник,Вечер (18-23),2025-05,32577.74,Другая мебель,Одеяло,920,1338,0.0139,0.0202,3805.69,2878.92,unknown,memory,0.0228,0.0252,0.0191,0.0212,0.013,0.0148,0.0191,0.0212
pillow,marketplace,marketplace,3-5k,3-5k,101436,high,1,Наволочка,Детские товары,2451,2335,0.0242,0.023,39.15,32.31,Воскресенье,Ночь (00-05),2025-05,37973.86,Суббота,Ночь (00-05),2025-12,70877.46,Другая мебель,Одеяло,1449,1901,0.0143,0.0187,3470.62,2853.31,unknown,orthopedic,0.0232,0.0251,0.0221,0.024,0.0136,0.015,0.0179,0.0196
pillow,marketplace,marketplace,3-5k,3-5k,21596,high,1,Детские товары,Одеяло,1413,1125,0.0654,0.0521,88.59,144.08,Суббота,Ночь (00-05),2025-08,57702.38,Понедельник,Ночь (00-05),2025-08,53069.34,Другая мебель,Постельное белье,836,733,0.0387,0.0339,3156.03,3089.59,unknown,unknown,0.0622,0.0688,0.0492,0.0551,0.0362,0.0414,0.0316,0.0364
pillow,marketplace,marketplace,5-10k,5-10k,168,low,1,Ковры/коврики,Хранение/органайзеры,2,2,0.0119,0.0119,14.95,8.9,,,,,,,,,Наматрасник/топпер,Покрывало,1,1,0.006,0.006,4859.0,4361.0,40x60,anatomic,0.0033,0.0424,0.0033,0.0424,0.0011,0.0329,0.0011,0.0329
pillow,marketplace,marketplace,5-10k,5-10k,156,low,1,Косметика/гигиена,Наволочка,5,4,0.0321,0.0256,30.54,39.87,,,,,,,,,Постельное белье,Одежда для дома,2,1,0.0128,0.0064,3842.5,2416.0,40x60,down,0.0138,0.0728,0.01,0.0641,0.0035,0.0455,0.0011,0.0354
pillow,marketplace,marketplace,5-10k,5-10k,4982,high,1,Наволочка,Косметика/гигиена,210,131,0.0422,0.0263,113.32,37.87,,,,,,,,,Другая мебель,Одеяло,66,232,0.0132,0.0466,5764.65,3929.01,40x60,memory,0.0369,0.0481,0.0222,0.0311,0.0104,0.0168,0.0411,0.0528
pillow,marketplace,marketplace,5-10k,5-10k,630,medium,1,Одеяло,Простыня,38,32,0.0603,0.0508,241.78,80.33,,,,,,,,,Наволочка,Простыня,38,32,0.0603,0.0508,2519.0,1581.51,40x60,orthopedic,0.0443,0.0817,0.0362,0.0708,0.0443,0.0817,0.0362,0.0708
pillow,marketplace,marketplace,5-10k,5-10k,200,low,1,Детские товары,Одеяло,17,14,0.085,0.07,230.76,653.06,,,,,,,,,Матрас,Одеяло,4,14,0.02,0.07,11534.0,9329.36,40x60,unknown,0.0537,0.1319,0.0422,0.1141,0.0078,0.0503,0.0422,0.1141
pillow,marketplace,marketplace,5-10k,5-10k,5899,high,1,Наволочка,Косметика/гигиена,494,313,0.0837,0.0531,367.78,80.3,Воскресенье,День (12-17),2024-11,24600.95,,,2025-08,31349.33,Постельное белье,Другая мебель,253,200,0.0429,0.0339,6197.82,5681.36,50x70,anatomic,0.0769,0.0911,0.0476,0.0591,0.038,0.0484,0.0296,0.0388
pillow,marketplace,marketplace,5-10k,5-10k,25331,high,1,Наволочка,Косметика/гигиена,1068,719,0.0422,0.0284,177.12,39.3,Четверг,Вечер (18-23),2024-07,48091.34,Понедельник,Утро (06-11),2025-10,19933.1,Постельное белье,Другая мебель,392,318,0.0155,0.0126,5839.2,5545.65,50x70,down,0.0398,0.0447,0.0264,0.0305,0.014,0.0171,0.0113,0.014
pillow,marketplace,marketplace,5-10k,5-10k,1746,high,1,Наволочка,Простыня,127,55,0.0727,0.0315,245.57,74.7,,,,,,,,,Постельное белье,Другая мебель,30,47,0.0172,0.0269,8100.03,6287.45,50x70,memory,0.0615,0.0859,0.0243,0.0408,0.0121,0.0244,0.0203,0.0356
pillow,marketplace,marketplace,5-10k,5-10k,1759,medium,1,Косметика/гигиена,Одеяло,95,88,0.054,0.05,49.65,285.33,,,,,,,,,Одеяло,Постельное белье,88,39,0.05,0.0222,5703.32,4825.09,50x70,orthopedic,0.0444,0.0656,0.0408,0.0612,0.0408,0.0612,0.0163,0.0302
pillow,marketplace,marketplace,5-10k,5-10k,1049,medium,1,Наволочка,Наматрасник/топпер,74,33,0.0705,0.0315,540.93,246.44,,,,,,,,,Наматрасник/топпер,Наволочка,33,74,0.0315,0.0705,7833.91,7668.03,50x70,synthetic,0.0566,0.0877,0.0225,0.0438,0.0225,0.0438,0.0566,0.0877
pillow,marketplace,marketplace,5-10k,5-10k,19262,high,1,Наволочка,Косметика/гигиена,1157,781,0.0601,0.0405,279.31,54.07,Суббота,Вечер (18-23),2025-06,68750.16,Среда,Вечер (18-23),2025-07,15918.16,Другая мебель,Одеяло,412,1811,0.0214,0.094,6680.6,6571.97,50x70,unknown,0.0568,0.0635,0.0379,0.0434,0.0194,0.0235,0.09,0.0982
pillow,marketplace,marketplace,5-10k,5-10k,2601,high,1,Наволочка,Косметика/гигиена,220,112,0.0846,0.0431,292.3,49.54,,,,,,,,,Другая мебель,Постельное белье,67,111,0.0258,0.0427,8430.26,4554.09,70x70,anatomic,0.0745,0.0959,0.0359,0.0516,0.0203,0.0326,0.0356,0.0511
pillow,marketplace,marketplace,5-10k,5-10k,19737,high,1,Наволочка,Косметика/гигиена,921,504,0.0467,0.0255,153.69,29.14,Суббота,Вечер (18-23),2024-04,28454.63,,,2025-11,19177.53,Другая мебель,Постельное белье,266,338,0.0135,0.0171,5246.0,4723.88,70x70,down,0.0438,0.0497,0.0234,0.0278,0.012,0.0152,0.0154,0.019
pillow,marketplace,marketplace,5-10k,5-10k,134,low,1,Простыня,Одеяло,6,6,0.0448,0.0448,87.1,244.53,,,,,,,,,Одеяло,Сумки/багаж,6,3,0.0448,0.0224,5461.2,5237.14,70x70,orthopedic,0.0207,0.0942,0.0207,0.0942,0.0207,0.0942,0.0076,0.0638
pillow,marketplace,marketplace,5-10k,5-10k,811,medium,1,Наволочка,Косметика/гигиена,74,25,0.0912,0.0308,373.09,66.4,,,,,,,,,Наволочка,Наматрасник/топпер,74,22,0.0912,0.0271,4088.91,3421.52,70x70,synthetic,0.0733,0.113,0.021,0.0451,0.0733,0.113,0.018,0.0407
pillow,marketplace,marketplace,5-10k,5-10k,7539,high,1,Наволочка,Косметика/гигиена,483,335,0.0641,0.0444,225.8,49.13,,,2024-09,74838.29,,,2025-07,14702.68,Одеяло,Другая мебель,739,175,0.098,0.0232,5200.86,4990.74,70x70,unknown,0.0588,0.0698,0.04,0.0493,0.0915,0.1049,0.02,0.0269
pillow,marketplace,marketplace,5-10k,5-10k,12674,high,1,Одеяло,Косметика/гигиена,286,272,0.0226,0.0215,114.48,23.55,,,2024-01,0,,,2024-01,5670.22,Наволочка,Детские товары,287,203,0.0226,0.016,2873.66,2107.85,unknown,anatomic,0.0201,0.0253,0.0191,0.0241,0.0202,0.0254,0.014,0.0184
pillow,marketplace,marketplace,5-10k,5-10k,4711,high,1,Наволочка,Косметика/гигиена,213,122,0.0452,0.0259,150.78,37.52,,,,,,,,,Другая мебель,Постельное белье,56,58,0.0119,0.0123,6566.2,6301.01,unknown,down,0.0396,0.0515,0.0217,0.0308,0.0092,0.0154,0.0095,0.0159
pillow,marketplace,marketplace,5-10k,5-10k,20119,high,1,Наволочка,Одеяло,490,416,0.0244,0.0207,65.78,87.95,Суббота,День (12-17),2024-01,24876.23,,,,,Другая мебель,Одеяло,261,416,0.013,0.0207,5106.78,4253.39,unknown,memory,0.0223,0.0266,0.0188,0.0227,0.0115,0.0146,0.0188,0.0227
pillow,marketplace,marketplace,5-10k,5-10k,33904,high,1,Наволочка,Детские товары,777,624,0.0229,0.0184,52.95,34.72,Воскресенье,Вечер (18-23),2024-12,35345.88,Суббота,Вечер (18-23),2025-08,13861.57,Другая мебель,Наволочка,391,777,0.0115,0.0229,4541.79,2310.31,unknown,orthopedic,0.0214,0.0246,0.017,0.0199,0.0105,0.0127,0.0214,0.0246
pillow,marketplace,marketplace,5-10k,5-10k,146,low,1,Наволочка,Косметика/гигиена,10,3,0.0685,0.0205,294.66,29.21,,,,,,,,,Постельное белье,Покрывало,2,2,0.0137,0.0137,24060.5,19842.0,unknown,synthetic,0.0376,0.1215,0.007,0.0587,0.0038,0.0486,0.0038,0.0486
pillow,marketplace,marketplace,5-10k,5-10k,6450,high,1,Одеяло,Детские товары,398,390,0.0617,0.0605,279.78,106.88,,,2025-08,42539.27,,,2025-08,55010.08,Постельное белье,Одеяло,235,398,0.0364,0.0617,5057.59,4534.06,unknown,unknown,0.0561,0.0678,0.0549,0.0665,0.0321,0.0413,0.0561,0.0678
pillow,marketplace,marketplace,10-20k,10-20k,198,low,1,Наволочка,Матрас,10,6,0.0505,0.0303,99.34,470.81,,,,,,,,,Кровать/каркас,Постельное белье,2,2,0.0101,0.0101,15021.27,7269.0,40x60,memory,0.0277,0.0905,0.014,0.0645,0.0028,0.0361,0.0028,0.0361
pillow,marketplace,marketplace,10-20k,10-20k,707,medium,1,Наволочка,Косметика/гигиена,56,39,0.0792,0.0552,695.17,102.73,,,,,,,,,Постельное белье,Наволочка,30,56,0.0424,0.0792,10102.29,8776.55,50x70,anatomic,0.0615,0.1015,0.0406,0.0745,0.0299,0.0599,0.0615,0.1015
pillow,marketplace,marketplace,10-20k,10-20k,5520,high,1,Наволочка,Косметика/гигиена,237,132,0.0429,0.0239,312.86,43.93,,,,,,,,,Постельное белье,Другая мебель,69,65,0.0125,0.0118,10481.58,8148.67,50x70,down,0.0379,0.0486,0.0202,0.0283,0.0099,0.0158,0.0092,0.015
pillow,marketplace,marketplace,10-20k,10-20k,222,low,1,Наволочка,Детские товары,12,11,0.0541,0.0495,366.9,123.65,,,,,,,,,Одеяло,Кухонный текстиль,10,4,0.045,0.018,12232.23,9039.0,50x70,orthopedic,0.0312,0.0921,0.0279,0.0865,0.0246,0.0809,0.007,0.0454
pillow,marketplace,marketplace,10-20k,10-20k,143,low,1,Наволочка,Наматрасник/топпер,14,7,0.0979,0.049,782.15,248.43,,,,,,,,,Постельное белье,Наволочка,3,14,0.021,0.0979,9101.78,7989.07,50x70,synthetic,0.0592,0.1576,0.0239,0.0976,0.0072,0.0599,0.0592,0.1576
pillow,marketplace,marketplace,10-20k,10-20k,3127,high,1,Наволочка,Косметика/гигиена,165,106,0.0528,0.0339,423.57,52.59,,,,,,,,,Одеяло,Постельное белье,319,58,0.102,0.0185,13809.94,9061.99,50x70,unknown,0.0455,0.0612,0.0281,0.0408,0.0919,0.1131,0.0144,0.0239
pillow,marketplace,marketplace,10-20k,10-20k,3647,high,1,Наволочка,Косметика/гигиена,149,83,0.0409,0.0228,221.93,35.81,,,,,,,,,Постельное белье,Наволочка,39,149,0.0107,0.0409,7486.17,5432.17,70x70,down,0.0349,0.0478,0.0184,0.0281,0.0078,0.0146,0.0349,0.0478
pillow,marketplace,marketplace,10-20k,10-20k,1005,medium,1,Наволочка,Косметика/гигиена,80,30,0.0796,0.0299,649.79,43.56,,,,,,,,,Наволочка,Косметика/гигиена,80,30,0.0796,0.0299,8162.99,1459.15,70x70,unknown,0.0644,0.098,0.021,0.0423,0.0644,0.098,0.021,0.0423
pillow,marketplace,marketplace,10-20k,10-20k,1758,medium,1,Детские товары,Косметика/гигиена,51,47,0.029,0.0267,99.13,50.97,,,,,,,,,Наволочка,Детские товары,47,51,0.0267,0.029,4605.17,3417.2,unknown,anatomic,0.0221,0.0379,0.0202,0.0354,0.0202,0.0354,0.0221,0.0379
pillow,marketplace,marketplace,10-20k,10-20k,1091,medium,1,Наволочка,Косметика/гигиена,56,23,0.0513,0.0211,309.32,34.99,,,,,,,,,Наволочка,Косметика/гигиена,56,23,0.0513,0.0211,6026.27,1659.86,unknown,down,0.0397,0.0661,0.0141,0.0314,0.0397,0.0661,0.0141,0.0314
pillow,marketplace,marketplace,10-20k,10-20k,2035,medium,1,Одеяло,Детские товары,47,36,0.0231,0.0177,179.8,58.1,,,,,,,,,Наволочка,Детские товары,33,36,0.0162,0.0177,3848.81,3284.07,unknown,memory,0.0174,0.0306,0.0128,0.0244,0.0116,0.0227,0.0128,0.0244
pillow,marketplace,marketplace,10-20k,10-20k,8376,high,1,Наволочка,Детские товары,133,127,0.0159,0.0152,56.19,57.69,,,,,,,,,Детские товары,Наволочка,127,133,0.0152,0.0159,3804.71,3538.43,unknown,orthopedic,0.0134,0.0188,0.0128,0.018,0.0128,0.018,0.0134,0.0188
pillow,marketplace,marketplace,10-20k,10-20k,823,medium,1,Наволочка,Постельное белье,53,30,0.0644,0.0365,234.84,520.78,,,,,,,,,Одеяло,Наволочка,81,53,0.0984,0.0644,12158.7,3646.63,unknown,unknown,0.0496,0.0833,0.0257,0.0516,0.0799,0.1207,0.0496,0.0833
pillow,marketplace,marketplace,20-30k,20-30k,256,low,1,Постельное белье,Одеяло,4,4,0.0156,0.0156,614.13,484.23,,,,,,,,,Одеяло,Матрас,4,1,0.0156,0.0039,30990.75,18964.0,unknown,anatomic,0.0061,0.0395,0.0061,0.0395,0.0061,0.0395,0.0007,0.0218
pillow,marketplace,marketplace,20-30k,20-30k,181,low,1,Детские товары,Одеяло,6,4,0.0331,0.0221,234.49,128.55,,,,,,,,,Одежда для дома,Другая мебель,2,3,0.011,0.0166,12701.0,7449.49,unknown,memory,0.0153,0.0704,0.0086,0.0554,0.003,0.0394,0.0057,0.0476
pillow,marketplace,marketplace,20-30k,20-30k,180,low,1,Наволочка,Постельное белье,7,5,0.0389,0.0278,179.01,520.76,,,,,,,,,Матрас,Покрывало,1,1,0.0056,0.0056,44838.0,20990.0,unknown,unknown,0.019,0.0781,0.0119,0.0634,0.001,0.0308,0.001,0.0308
pillow,marketplace,marketplace,30k+,30k+,166,low,1,Наволочка,Полотенце,11,7,0.0663,0.0422,1524.14,1035.74,,,,,,,,,Одеяло,Постельное белье,19,2,0.1145,0.012,59380.26,39503.5,unknown,down,0.0374,0.1148,0.0206,0.0845,0.0745,0.1718,0.0033,0.0429
pillow,marketplace,marketplace,30k+,30k+,136,low,1,Наволочка,Детские товары,5,5,0.0368,0.0368,528.35,168.12,,,,,,,,,Пододеяльник,Ковры/коврики,2,3,0.0147,0.0221,40916.6,27235.0,unknown,orthopedic,0.0158,0.0832,0.0158,0.0832,0.004,0.052,0.0075,0.0628
pillow,non_marketplace,non_marketplace,0-1k,0-1k,1090,high,1,Кухонный текстиль,Косметика/гигиена,109,81,0.1,0.0743,36.86,23.48,,,2024-01,9504.98,,,2024-01,741.04,Детские товары,Кухонный текстиль,185,109,0.1697,0.1,480.72,368.62,40x60,anatomic,0.0836,0.1192,0.0602,0.0914,0.1486,0.1932,0.0836,0.1192
pillow,non_marketplace,non_marketplace,0-1k,0-1k,105,low,1,Одеяло,Постельное белье,8,7,0.0762,0.0667,74.01,145.18,,,,,,,,,Хранение/органайзеры,Плед,2,5,0.019,0.0476,1583.49,974.22,40x60,unknown,0.0391,0.1432,0.0327,0.1313,0.0052,0.0668,0.0205,0.1067
pillow,non_marketplace,non_marketplace,0-1k,0-1k,146,low,1,Наволочка,Детские товары,6,5,0.0411,0.0342,67.06,14.49,,,,,,,,,Матрас,Пододеяльник,4,1,0.0274,0.0068,5651.05,3301.0,50x70,anatomic,0.019,0.0868,0.0147,0.0777,0.0107,0.0683,0.0012,0.0378
pillow,non_marketplace,non_marketplace,0-1k,0-1k,1268,medium,1,Косметика/гигиена,Наволочка,82,55,0.0647,0.0434,82.29,35.27,,,,,,,,,Одеяло,Косметика/гигиена,113,82,0.0891,0.0647,1623.05,1272.53,50x70,down,0.0524,0.0796,0.0335,0.056,0.0747,0.1061,0.0524,0.0796
pillow,non_marketplace,non_marketplace,0-1k,0-1k,23183,high,1,Другая мебель,Постельное белье,1753,1376,0.0756,0.0594,988.42,148.65,Понедельник,Утро (06-11),2025-06,135739.87,Четверг,День (12-17),2024-12,43718.86,Другая мебель,Матрас,1753,828,0.0756,0.0357,13071.6,10795.22,50x70,unknown,0.0723,0.0791,0.0564,0.0625,0.0723,0.0791,0.0334,0.0382
pillow,non_marketplace,non_marketplace,0-1k,0-1k,80,low,1,Детские товары,Кухня/посуда,2,2,0.025,0.025,6.48,6.82,,,,,,,,,Другая мебель,Простыня,1,1,0.0125,0.0125,799.0,795.0,70x70,anatomic,0.0069,0.0866,0.0069,0.0866,0.0022,0.0675,0.0022,0.0675
pillow,non_marketplace,non_marketplace,0-1k,0-1k,127,low,1,Полотенце,Наволочка,4,4,0.0315,0.0315,16.01,27.3,,,,,,,,,Другая мебель,Постельное белье,2,1,0.0157,0.0079,4857.2,4504.0,70x70,synthetic,0.0123,0.0782,0.0123,0.0782,0.0043,0.0556,0.0014,0.0433
pillow,non_marketplace,non_marketplace,0-1k,0-1k,2589,high,1,Другая мебель,Наволочка,123,86,0.0475,0.0332,358.04,20.99,,,,,,,,,Другая мебель,Матрас,123,55,0.0475,0.0212,7536.41,7410.44,70x70,unknown,0.04,0.0564,0.027,0.0408,0.04,0.0564,0.0164,0.0275
pillow,non_marketplace,non_marketplace,0-1k,0-1k,1487,medium,1,Одеяло,Косметика/гигиена,81,55,0.0545,0.037,51.14,13.76,,,,,,,,,Одеяло,Детские товары,81,135,0.0545,0.0908,938.85,699.64,unknown,anatomic,0.044,0.0672,0.0285,0.0478,0.044,0.0672,0.0772,0.1065
pillow,non_marketplace,non_marketplace,0-1k,0-1k,704,medium,1,Косметика/гигиена,Наволочка,45,28,0.0639,0.0398,77.42,43.34,,,,,,,,,Матрас,Постельное белье,28,24,0.0398,0.0341,9574.88,2538.72,unknown,down,0.0481,0.0845,0.0277,0.0569,0.0277,0.0569,0.023,0.0502
pillow,non_marketplace,non_marketplace,0-1k,0-1k,2388,medium,1,Косметика/гигиена,Хранение/органайзеры,71,44,0.0297,0.0184,15.17,9.83,,,,,,,,,Хранение/органайзеры,Косметика/гигиена,44,71,0.0184,0.0297,533.48,510.35,unknown,memory,0.0236,0.0373,0.0138,0.0246,0.0138,0.0246,0.0236,0.0373
pillow,non_marketplace,non_marketplace,0-1k,0-1k,4601,high,1,Матрас,Одеяло,163,125,0.0354,0.0272,220.5,40.73,,,,,,,,,Другая мебель,Матрас,234,163,0.0509,0.0354,10936.88,6224.17,unknown,orthopedic,0.0305,0.0412,0.0229,0.0323,0.0449,0.0576,0.0305,0.0412
pillow,non_marketplace,non_marketplace,0-1k,0-1k,9420,high,1,Матрас,Дезодорант/уход,604,452,0.0641,0.048,1485.17,11.59,Суббота,День (12-17),2024-06,661110.15,Четверг,День (12-17),2024-03,2269.58,Матрас,Постельное белье,604,113,0.0641,0.012,23162.7,3157.51,unknown,unknown,0.0593,0.0692,0.0438,0.0525,0.0593,0.0692,0.01,0.0144
pillow,non_marketplace,non_marketplace,1-2k,1-2k,179,low,1,Детские товары,Постельное белье,5,4,0.0279,0.0223,22.36,47.49,,,,,,,,,Постельное белье,Другая мебель,4,2,0.0223,0.0112,2125.0,1619.1,40x60,orthopedic,0.012,0.0637,0.0087,0.056,0.0087,0.056,0.0031,0.0398
pillow,non_marketplace,non_marketplace,1-2k,1-2k,1269,medium,1,Простыня,Постельное белье,58,53,0.0457,0.0418,115.1,160.87,,,,,,,,,Одеяло,Простыня,136,58,0.1072,0.0457,2583.6,2518.41,50x70,down,0.0355,0.0586,0.0321,0.0542,0.0913,0.1254,0.0355,0.0586
pillow,non_marketplace,non_marketplace,1-2k,1-2k,13437,high,1,Другая мебель,Постельное белье,1345,1178,0.1001,0.0877,2071.6,326.73,Понедельник,День (12-17),2024-08,524743.13,Понедельник,День (12-17),2024-09,62450.78,Кровать/каркас,Матрас,775,1055,0.0577,0.0785,20086.48,16108.47,50x70,unknown,0.0951,0.1053,0.083,0.0926,0.0539,0.0617,0.0741,0.0832
pillow,non_marketplace,non_marketplace,1-2k,1-2k,141,low,1,Наволочка,Детские товары,7,7,0.0496,0.0496,56.26,18.36,,,,,,,,,Ароматы для дома,Постельное белье,1,2,0.0071,0.0142,3185.0,2839.5,70x70,anatomic,0.0243,0.0989,0.0243,0.0989,0.0013,0.0391,0.0039,0.0502
pillow,non_marketplace,non_marketplace,1-2k,1-2k,722,medium,1,Постельное белье,Наволочка,35,22,0.0485,0.0305,148.11,32.76,,,,,,,,,Одеяло,Наволочка,45,22,0.0623,0.0305,1927.88,1075.27,70x70,down,0.0351,0.0667,0.0202,0.0457,0.0469,0.0824,0.0202,0.0457
pillow,non_marketplace,non_marketplace,1-2k,1-2k,114,low,1,Постельное белье,Детские товары,5,5,0.0439,0.0439,126.89,27.79,,,,,,,,,Матрас,Постельное белье,2,5,0.0175,0.0439,8801.55,2893.02,70x70,synthetic,0.0189,0.0986,0.0189,0.0986,0.0048,0.0617,0.0189,0.0986
pillow,non_marketplace,non_marketplace,1-2k,1-2k,3649,high,1,Другая мебель,Матрас,204,172,0.0559,0.0471,957.84,663.4,,,,,,,,,Другая мебель,Матрас,204,172,0.0559,0.0471,17133.17,14074.01,70x70,unknown,0.0489,0.0638,0.0407,0.0545,0.0489,0.0638,0.0407,0.0545
pillow,non_marketplace,non_marketplace,1-2k,1-2k,1213,medium,1,Одеяло,Постельное белье,44,29,0.0363,0.0239,82.79,62.02,,,,,,,,,Одеяло,Простыня,44,20,0.0363,0.0165,2282.43,1630.26,unknown,anatomic,0.0271,0.0483,0.0167,0.0341,0.0271,0.0483,0.0107,0.0253
pillow,non_marketplace,non_marketplace,1-2k,1-2k,840,medium,1,Косметика/гигиена,Наволочка,75,38,0.0893,0.0452,132.26,68.01,,,,,,,,,Одеяло,Наволочка,87,38,0.1036,0.0452,2600.07,1503.38,unknown,down,0.0718,0.1105,0.0331,0.0615,0.0847,0.126,0.0331,0.0615
pillow,non_marketplace,non_marketplace,1-2k,1-2k,3859,medium,1,Детские товары,Кухонный текстиль,131,42,0.0339,0.0109,31.61,4.11,,,,,,,,,Детские товары,Кухонный текстиль,131,42,0.0339,0.0109,931.16,377.32,unknown,memory,0.0287,0.0401,0.0081,0.0147,0.0287,0.0401,0.0081,0.0147
pillow,non_marketplace,non_marketplace,1-2k,1-2k,8458,high,1,Одеяло,Детские товары,304,273,0.0359,0.0323,70.61,35.93,,,,,,,,,Другая мебель,Матрас,271,406,0.032,0.048,14696.94,10970.75,unknown,orthopedic,0.0322,0.0401,0.0287,0.0363,0.0285,0.036,0.0436,0.0528
pillow,non_marketplace,non_marketplace,1-2k,1-2k,9872,high,1,Матрас,Кровать/каркас,1179,459,0.1194,0.0465,3332.24,1528.6,Суббота,День (12-17),2024-10,1137510.52,Суббота,День (12-17),2024-11,667551.81,Другая мебель,Матрас,200,1179,0.0203,0.1194,30719.04,27901.54,unknown,unknown,0.1132,0.126,0.0425,0.0508,0.0177,0.0232,0.1132,0.126
pillow,non_marketplace,non_marketplace,2-3k,2-3k,143,low,1,Детские товары,Наволочка,5,5,0.035,0.035,41.85,15.54,,,,,,,,,Постельное белье,Наматрасник/топпер,2,2,0.014,0.014,1708.5,1702.0,40x60,orthopedic,0.015,0.0792,0.015,0.0792,0.0038,0.0496,0.0038,0.0496
pillow,non_marketplace,non_marketplace,2-3k,2-3k,98,low,1,Наволочка,Детские товары,5,5,0.051,0.051,56.55,35.07,,,,,,,,,Одеяло,Покрывало,6,1,0.0612,0.0102,3150.27,2374.0,50x70,anatomic,0.022,0.1139,0.022,0.1139,0.0284,0.1272,0.0018,0.0556
pillow,non_marketplace,non_marketplace,2-3k,2-3k,5151,high,1,Матрас,Другая мебель,632,616,0.1227,0.1196,2594.36,4092.24,Суббота,День (12-17),2024-11,441241.15,Пятница,День (12-17),2024-09,487171.46,Кровать/каркас,Матрас,304,632,0.059,0.1227,25686.98,21144.83,50x70,unknown,0.114,0.1319,0.111,0.1287,0.0529,0.0658,0.114,0.1319
pillow,non_marketplace,non_marketplace,2-3k,2-3k,1411,medium,1,Другая мебель,Матрас,96,77,0.068,0.0546,1351.46,791.38,,,,,,,,,Другая мебель,Матрас,96,77,0.068,0.0546,19863.6,14501.81,70x70,unknown,0.056,0.0824,0.0439,0.0677,0.056,0.0824,0.0439,0.0677
pillow,non_marketplace,non_marketplace,2-3k,2-3k,516,medium,1,Наволочка,Косметика/гигиена,42,41,0.0814,0.0795,133.78,115.87,,,,,,,,,Наволочка,Косметика/гигиена,42,41,0.0814,0.0795,1643.57,1458.23,unknown,down,0.0608,0.1082,0.0591,0.106,0.0608,0.1082,0.0591,0.106
pillow,non_marketplace,non_marketplace,2-3k,2-3k,5345,high,1,Другая мебель,Одеяло,311,305,0.0582,0.0571,1114.57,177.69,,,2025-06,697730.75,,,2025-09,30049.74,Другая мебель,Матрас,311,424,0.0582,0.0793,19155.59,18869.46,unknown,orthopedic,0.0522,0.0648,0.0512,0.0636,0.0522,0.0648,0.0724,0.0869
pillow,non_marketplace,non_marketplace,2-3k,2-3k,7190,high,1,Одеяло,Кровать/каркас,506,381,0.0704,0.053,453.06,1825.71,Понедельник,День (12-17),2024-11,87295.74,Суббота,День (12-17),,567175.73,Кровать/каркас,Матрас,381,995,0.053,0.1384,34453.73,28766.65,unknown,unknown,0.0647,0.0765,0.048,0.0584,0.048,0.0584,0.1306,0.1466
pillow,non_marketplace,non_marketplace,3-5k,3-5k,3996,high,1,Другая мебель,Постельное белье,465,440,0.1164,0.1101,3575.64,646.27,Воскресенье,Вечер (18-23),2024-12,226461.99,Четверг,День (12-17),2025-02,46691.33,Кровать/каркас,Матрас,264,428,0.0661,0.1071,28826.21,22844.03,50x70,unknown,0.1068,0.1267,0.1008,0.1202,0.0588,0.0742,0.0979,0.1171
pillow,non_marketplace,non_marketplace,3-5k,3-5k,1360,high,1,Другая мебель,Матрас,108,85,0.0794,0.0625,1690.08,1234.47,,,,,,,,,Другая мебель,Матрас,108,85,0.0794,0.0625,21282.44,19751.53,70x70,unknown,0.0662,0.095,0.0508,0.0766,0.0662,0.095,0.0508,0.0766
pillow,non_marketplace,non_marketplace,3-5k,3-5k,1006,low,1,Одеяло,Матрас,29,27,0.0288,0.0268,143.07,829.36,,,,,,,,,Одеяло,Косметика/гигиена,29,65,0.0288,0.0646,4963.01,1959.29,unknown,anatomic,0.0201,0.0411,0.0185,0.0388,0.0201,0.0411,0.051,0.0815
pillow,non_marketplace,non_marketplace,3-5k,3-5k,6374,high,1,Одеяло,Кровать/каркас,491,433,0.077,0.0679,354.16,1967.09,Среда,День (12-17),2024-08,54615.19,Понедельник,День (12-17),2024-10,444576.93,Матрас,Другая мебель,996,377,0.1563,0.0591,26616.52,24468.53,unknown,orthopedic,0.0707,0.0838,0.062,0.0744,0.1476,0.1654,0.0536,0.0652
pillow,non_marketplace,non_marketplace,3-5k,3-5k,6002,high,1,Одеяло,Кровать/каркас,672,333,0.112,0.0555,928.95,2124.57,Среда,День (12-17),2024-12,102372.37,Вторник,День (12-17),,276373.7,Кровать/каркас,Матрас,333,969,0.0555,0.1614,38293.25,33367.36,unknown,unknown,0.1042,0.1202,0.05,0.0616,0.05,0.0616,0.1524,0.171
pillow,non_marketplace,non_marketplace,5-10k,5-10k,2138,high,1,Постельное белье,Матрас,264,223,0.1235,0.1043,1054.14,2906.88,,,,,,,,,Кровать/каркас,Матрас,142,223,0.0664,0.1043,31718.21,27869.54,50x70,unknown,0.1102,0.1381,0.092,0.118,0.0566,0.0778,0.092,0.118
pillow,non_marketplace,non_marketplace,5-10k,5-10k,607,medium,1,Матрас,Другая мебель,41,41,0.0675,0.0675,1425.99,2102.4,,,,,,,,,Другая мебель,Матрас,41,41,0.0675,0.0675,31125.83,21111.63,70x70,unknown,0.0502,0.0904,0.0502,0.0904,0.0502,0.0904,0.0502,0.0904
pillow,non_marketplace,non_marketplace,5-10k,5-10k,1040,low,1,Косметика/гигиена,Одеяло,26,21,0.025,0.0202,34.58,130.0,,,,,,,,,Одеяло,Косметика/гигиена,21,26,0.0202,0.025,6438.12,1383.31,unknown,anatomic,0.0171,0.0364,0.0132,0.0307,0.0132,0.0307,0.0171,0.0364
pillow,non_marketplace,non_marketplace,5-10k,5-10k,1407,medium,1,Матрас,Наволочка,89,70,0.0633,0.0498,2931.38,82.19,,,,,,,,,Одеяло,Постельное белье,140,47,0.0995,0.0334,13281.28,7395.73,unknown,down,0.0517,0.0772,0.0396,0.0624,0.0849,0.1163,0.0252,0.0441
pillow,non_marketplace,non_marketplace,5-10k,5-10k,9358,high,1,Матрас,Наматрасник/топпер,1503,1098,0.1606,0.1173,5300.98,829.55,Вторник,Вечер (18-23),2024-09,605379.31,Понедельник,Вечер (18-23),2024-11,103054.66,Кровать/каркас,Матрас,559,1503,0.0597,0.1606,34763.2,33005.06,unknown,orthopedic,0.1533,0.1682,0.111,0.124,0.0551,0.0647,0.1533,0.1682
pillow,non_marketplace,non_marketplace,5-10k,5-10k,10912,high,1,Одеяло,Кровать/каркас,1191,565,0.1091,0.0518,1156.56,2120.57,Пятница,День (12-17),2024-09,192365.05,Суббота,Утро (06-11),2025-09,840802.18,Матрас,Кровать/каркас,1770,565,0.1622,0.0518,46070.7,40955.08,unknown,unknown,0.1034,0.1151,0.0478,0.0561,0.1554,0.1692,0.0478,0.0561
pillow,non_marketplace,non_marketplace,10-20k,10-20k,529,medium,1,Постельное белье,Матрас,78,69,0.1474,0.1304,2490.1,6855.6,,,,,,,,,Другая мебель,Кровать/каркас,50,38,0.0945,0.0718,50871.58,44943.01,50x70,unknown,0.1198,0.1802,0.1044,0.1618,0.0724,0.1225,0.0528,0.0971
pillow,non_marketplace,non_marketplace,10-20k,10-20k,1807,medium,1,Одеяло,Ароматы для дома,76,38,0.0421,0.021,656.23,57.54,,,,,,,,,Наволочка,Аксессуары для сна,338,33,0.1871,0.0183,4678.72,3739.24,unknown,anatomic,0.0337,0.0523,0.0154,0.0287,0.1697,0.2057,0.013,0.0255
pillow,non_marketplace,non_marketplace,10-20k,10-20k,798,medium,1,Матрас,Наволочка,68,58,0.0852,0.0727,4703.12,220.13,,,,,,,,,Одеяло,Простыня,134,35,0.1679,0.0439,18230.68,5533.55,unknown,down,0.0678,0.1066,0.0566,0.0928,0.1436,0.1954,0.0317,0.0604
pillow,non_marketplace,non_marketplace,10-20k,10-20k,178,low,1,Одеяло,Матрас,6,3,0.0337,0.0169,343.19,371.25,,,,,,,,,Одеяло,Другая мебель,6,1,0.0337,0.0056,10181.43,3990.0,unknown,memory,0.0155,0.0716,0.0057,0.0484,0.0155,0.0716,0.001,0.0311
pillow,non_marketplace,non_marketplace,10-20k,10-20k,6698,high,1,Другая мебель,Матрас,448,428,0.0669,0.0639,2741.85,2745.72,Суббота,День (12-17),2025-03,435722.02,Суббота,День (12-17),2025-02,644796.6,Матрас,Другая мебель,428,448,0.0639,0.0669,42969.3,40993.13,unknown,orthopedic,0.0611,0.0731,0.0583,0.07,0.0583,0.07,0.0611,0.0731
pillow,non_marketplace,non_marketplace,10-20k,10-20k,7271,high,1,Одеяло,Кровать/каркас,921,514,0.1267,0.0707,1671.79,3794.3,Понедельник,День (12-17),2024-12,123817.43,Вторник,День (12-17),2024-07,990829.21,Кровать/каркас,Другая мебель,514,233,0.0707,0.032,53673.87,45738.96,unknown,unknown,0.1192,0.1345,0.065,0.0768,0.065,0.0768,0.0282,0.0363
pillow,non_marketplace,non_marketplace,20-30k,20-30k,569,medium,1,Одеяло,Матрас,72,39,0.1265,0.0685,2493.53,5038.19,,,,,,,,,Одеяло,Наволочка,72,155,0.1265,0.2724,19705.79,7960.12,unknown,orthopedic,0.1017,0.1564,0.0505,0.0923,0.1017,0.1564,0.2374,0.3104
pillow,non_marketplace,non_marketplace,20-30k,20-30k,1400,high,1,Одеяло,Кровать/каркас,283,113,0.2021,0.0807,3893.75,5573.29,Суббота,День (12-17),,76395.23,,,,,Кровать/каркас,Другая мебель,113,43,0.0807,0.0307,69049.56,47675.66,unknown,unknown,0.1819,0.224,0.0676,0.0962,0.0676,0.0962,0.0229,0.0411
pillow,non_marketplace,non_marketplace,30k+,30k+,539,medium,1,Матрас,Наволочка,157,59,0.2913,0.1095,33449.47,932.66,,,,,,,,,Кровать/каркас,Одеяло,40,204,0.0742,0.3785,78392.48,33641.79,unknown,unknown,0.2545,0.331,0.0858,0.1386,0.055,0.0995,0.3385,0.4201
